<?xml version="1.0" encoding="UTF-8"?>
<kml xmlns="http://www.opengis.net/kml/2.2">
  <Document>
    <name>Care Active Scan Locations</name>
    <description>GPS locations from scan data</description>
    
    <!-- Style for path lines -->
    <Style id="pathStyle">
      <LineStyle>
        <color>ffff6633</color>
        <width>4</width>
      </LineStyle>
    </Style>

    <!-- Style for points in path mode -->
    <Style id="pointStyle">
      <IconStyle>
        <color>ffffffff</color>
        <scale>0.7</scale>
        <Icon>
          <href>http://maps.google.com/mapfiles/kml/paddle/red-circle.png</href>
        </Icon>
      </IconStyle>
    </Style>
    <Placemark>
      <name>Path 0-1</name>
      <description>
        <![CDATA[
        <strong>From:</strong> g3mr-samson at 2025-02-25T01:07:16Z<br/>
        <strong>To:</strong> g3mr-samson at 2025-02-25T01:17:28Z<br/>
        <strong>Family:</strong> F1C96654979<br/>
        ]]>
      </description>
      <styleUrl>#pathStyle</styleUrl>
      <LineString>
        <extrude>1</extrude>
        <tessellate>1</tessellate>
        <coordinates>
          121.601640,24.033405,0
          121.653013,24.150968,0
        </coordinates>
      </LineString>
    </Placemark>
    <Placemark>
      <name>Path 1-2</name>
      <description>
        <![CDATA[
        <strong>From:</strong> g3mr-samson at 2025-02-25T01:17:28Z<br/>
        <strong>To:</strong> g3mr-samson at 2025-02-25T01:27:48Z<br/>
        <strong>Family:</strong> F1C96654979<br/>
        ]]>
      </description>
      <styleUrl>#pathStyle</styleUrl>
      <LineString>
        <extrude>1</extrude>
        <tessellate>1</tessellate>
        <coordinates>
          121.653013,24.150968,0
          121.653013,24.150968,0
        </coordinates>
      </LineString>
    </Placemark>
    <Placemark>
      <name>Path 2-3</name>
      <description>
        <![CDATA[
        <strong>From:</strong> g3mr-samson at 2025-02-25T01:27:48Z<br/>
        <strong>To:</strong> g3mr-samson at 2025-02-25T01:38:01Z<br/>
        <strong>Family:</strong> F1C96654979<br/>
        ]]>
      </description>
      <styleUrl>#pathStyle</styleUrl>
      <LineString>
        <extrude>1</extrude>
        <tessellate>1</tessellate>
        <coordinates>
          121.653013,24.150968,0
          121.772225,24.345750,0
        </coordinates>
      </LineString>
    </Placemark>
    <Placemark>
      <name>Path 3-4</name>
      <description>
        <![CDATA[
        <strong>From:</strong> g3mr-samson at 2025-02-25T01:38:01Z<br/>
        <strong>To:</strong> g3mr-samson at 2025-02-25T01:48:24Z<br/>
        <strong>Family:</strong> F1C96654979<br/>
        ]]>
      </description>
      <styleUrl>#pathStyle</styleUrl>
      <LineString>
        <extrude>1</extrude>
        <tessellate>1</tessellate>
        <coordinates>
          121.772225,24.345750,0
          121.780670,24.439185,0
        </coordinates>
      </LineString>
    </Placemark>
    <Placemark>
      <name>Path 4-5</name>
      <description>
        <![CDATA[
        <strong>From:</strong> g3mr-samson at 2025-02-25T01:48:24Z<br/>
        <strong>To:</strong> g3mr-samson at 2025-02-25T01:58:40Z<br/>
        <strong>Family:</strong> F1C96654979<br/>
        ]]>
      </description>
      <styleUrl>#pathStyle</styleUrl>
      <LineString>
        <extrude>1</extrude>
        <tessellate>1</tessellate>
        <coordinates>
          121.780670,24.439185,0
          121.827561,24.607763,0
        </coordinates>
      </LineString>
    </Placemark>
    <Placemark>
      <name>Path 5-6</name>
      <description>
        <![CDATA[
        <strong>From:</strong> g3mr-samson at 2025-02-25T01:58:40Z<br/>
        <strong>To:</strong> g3mr-samson at 2025-02-25T02:08:44Z<br/>
        <strong>Family:</strong> F1C96654979<br/>
        ]]>
      </description>
      <styleUrl>#pathStyle</styleUrl>
      <LineString>
        <extrude>1</extrude>
        <tessellate>1</tessellate>
        <coordinates>
          121.827561,24.607763,0
          121.811040,24.616264,0
        </coordinates>
      </LineString>
    </Placemark>
    <Placemark>
      <name>Path 6-7</name>
      <description>
        <![CDATA[
        <strong>From:</strong> g3mr-samson at 2025-02-25T02:08:44Z<br/>
        <strong>To:</strong> g3mr-samson at 2025-02-25T02:18:59Z<br/>
        <strong>Family:</strong> F1C96654979<br/>
        ]]>
      </description>
      <styleUrl>#pathStyle</styleUrl>
      <LineString>
        <extrude>1</extrude>
        <tessellate>1</tessellate>
        <coordinates>
          121.811040,24.616264,0
          121.774571,24.677535,0
        </coordinates>
      </LineString>
    </Placemark>
    <Placemark>
      <name>Path 7-8</name>
      <description>
        <![CDATA[
        <strong>From:</strong> g3mr-samson at 2025-02-25T02:18:59Z<br/>
        <strong>To:</strong> g3mr-samson at 2025-02-25T02:29:20Z<br/>
        <strong>Family:</strong> F1C96654979<br/>
        ]]>
      </description>
      <styleUrl>#pathStyle</styleUrl>
      <LineString>
        <extrude>1</extrude>
        <tessellate>1</tessellate>
        <coordinates>
          121.774571,24.677535,0
          121.758281,24.754890,0
        </coordinates>
      </LineString>
    </Placemark>
    <Placemark>
      <name>Path 8-9</name>
      <description>
        <![CDATA[
        <strong>From:</strong> g3mr-samson at 2025-02-25T02:29:20Z<br/>
        <strong>To:</strong> g3mr-samson at 2025-02-25T02:39:33Z<br/>
        <strong>Family:</strong> F1C96654979<br/>
        ]]>
      </description>
      <styleUrl>#pathStyle</styleUrl>
      <LineString>
        <extrude>1</extrude>
        <tessellate>1</tessellate>
        <coordinates>
          121.758281,24.754890,0
          121.820036,24.855041,0
        </coordinates>
      </LineString>
    </Placemark>
    <Placemark>
      <name>Path 9-10</name>
      <description>
        <![CDATA[
        <strong>From:</strong> g3mr-samson at 2025-02-25T02:39:33Z<br/>
        <strong>To:</strong> g3mr-samson at 2025-02-25T02:49:48Z<br/>
        <strong>Family:</strong> F1C96654979<br/>
        ]]>
      </description>
      <styleUrl>#pathStyle</styleUrl>
      <LineString>
        <extrude>1</extrude>
        <tessellate>1</tessellate>
        <coordinates>
          121.820036,24.855041,0
          121.840161,24.877199,0
        </coordinates>
      </LineString>
    </Placemark>
    <Placemark>
      <name>Path 10-11</name>
      <description>
        <![CDATA[
        <strong>From:</strong> g3mr-samson at 2025-02-25T02:49:48Z<br/>
        <strong>To:</strong> g3mr-samson at 2025-02-25T03:00:04Z<br/>
        <strong>Family:</strong> F1C96654979<br/>
        ]]>
      </description>
      <styleUrl>#pathStyle</styleUrl>
      <LineString>
        <extrude>1</extrude>
        <tessellate>1</tessellate>
        <coordinates>
          121.840161,24.877199,0
          121.951970,25.012487,0
        </coordinates>
      </LineString>
    </Placemark>
    <Placemark>
      <name>Path 11-12</name>
      <description>
        <![CDATA[
        <strong>From:</strong> g3mr-samson at 2025-02-25T03:00:04Z<br/>
        <strong>To:</strong> g3mr-samson at 2025-02-25T03:10:23Z<br/>
        <strong>Family:</strong> F1C96654979<br/>
        ]]>
      </description>
      <styleUrl>#pathStyle</styleUrl>
      <LineString>
        <extrude>1</extrude>
        <tessellate>1</tessellate>
        <coordinates>
          121.951970,25.012487,0
          121.852219,25.058076,0
        </coordinates>
      </LineString>
    </Placemark>
    <Placemark>
      <name>Path 12-13</name>
      <description>
        <![CDATA[
        <strong>From:</strong> g3mr-samson at 2025-02-25T03:10:23Z<br/>
        <strong>To:</strong> g3mr-samson at 2025-02-25T03:30:52Z<br/>
        <strong>Family:</strong> F1C96654979<br/>
        ]]>
      </description>
      <styleUrl>#pathStyle</styleUrl>
      <LineString>
        <extrude>1</extrude>
        <tessellate>1</tessellate>
        <coordinates>
          121.852219,25.058076,0
          121.645425,25.061717,0
        </coordinates>
      </LineString>
    </Placemark>
    <Placemark>
      <name>Path 13-14</name>
      <description>
        <![CDATA[
        <strong>From:</strong> g3mr-samson at 2025-02-25T03:30:52Z<br/>
        <strong>To:</strong> g3mr-samson at 2025-02-25T03:41:06Z<br/>
        <strong>Family:</strong> F1C96654979<br/>
        ]]>
      </description>
      <styleUrl>#pathStyle</styleUrl>
      <LineString>
        <extrude>1</extrude>
        <tessellate>1</tessellate>
        <coordinates>
          121.645425,25.061717,0
          121.578880,25.049244,0
        </coordinates>
      </LineString>
    </Placemark>
    <Placemark>
      <name>Path 14-15</name>
      <description>
        <![CDATA[
        <strong>From:</strong> g3mr-samson at 2025-02-25T03:41:06Z<br/>
        <strong>To:</strong> g3mr-samson at 2025-02-25T03:51:34Z<br/>
        <strong>Family:</strong> F1C96654979<br/>
        ]]>
      </description>
      <styleUrl>#pathStyle</styleUrl>
      <LineString>
        <extrude>1</extrude>
        <tessellate>1</tessellate>
        <coordinates>
          121.578880,25.049244,0
          121.518346,25.047694,0
        </coordinates>
      </LineString>
    </Placemark>
    <Placemark>
      <name>Path 15-16</name>
      <description>
        <![CDATA[
        <strong>From:</strong> g3mr-samson at 2025-02-25T03:51:34Z<br/>
        <strong>To:</strong> g3mr-samson at 2025-02-25T04:01:46Z<br/>
        <strong>Family:</strong> F1C96654979<br/>
        ]]>
      </description>
      <styleUrl>#pathStyle</styleUrl>
      <LineString>
        <extrude>1</extrude>
        <tessellate>1</tessellate>
        <coordinates>
          121.518346,25.047694,0
          121.517025,25.046000,0
        </coordinates>
      </LineString>
    </Placemark>
    <Placemark>
      <name>Path 16-17</name>
      <description>
        <![CDATA[
        <strong>From:</strong> g3mr-samson at 2025-02-25T04:01:46Z<br/>
        <strong>To:</strong> g3mr-samson at 2025-02-25T04:01:48Z<br/>
        <strong>Family:</strong> F1C96654979<br/>
        ]]>
      </description>
      <styleUrl>#pathStyle</styleUrl>
      <LineString>
        <extrude>1</extrude>
        <tessellate>1</tessellate>
        <coordinates>
          121.517025,25.046000,0
          121.516871,25.046188,0
        </coordinates>
      </LineString>
    </Placemark>
    <Placemark>
      <name>Path 17-18</name>
      <description>
        <![CDATA[
        <strong>From:</strong> g3mr-samson at 2025-02-25T04:01:48Z<br/>
        <strong>To:</strong> g3mr-samson at 2025-02-25T04:12:11Z<br/>
        <strong>Family:</strong> F1C96654979<br/>
        ]]>
      </description>
      <styleUrl>#pathStyle</styleUrl>
      <LineString>
        <extrude>1</extrude>
        <tessellate>1</tessellate>
        <coordinates>
          121.516871,25.046188,0
          121.516986,25.046091,0
        </coordinates>
      </LineString>
    </Placemark>
    <Placemark>
      <name>Path 18-19</name>
      <description>
        <![CDATA[
        <strong>From:</strong> g3mr-samson at 2025-02-25T04:12:11Z<br/>
        <strong>To:</strong> g3mr-samson at 2025-02-25T04:12:13Z<br/>
        <strong>Family:</strong> F1C96654979<br/>
        ]]>
      </description>
      <styleUrl>#pathStyle</styleUrl>
      <LineString>
        <extrude>1</extrude>
        <tessellate>1</tessellate>
        <coordinates>
          121.516986,25.046091,0
          121.516967,25.046094,0
        </coordinates>
      </LineString>
    </Placemark>
    <Placemark>
      <name>Path 19-20</name>
      <description>
        <![CDATA[
        <strong>From:</strong> g3mr-samson at 2025-02-25T04:12:13Z<br/>
        <strong>To:</strong> g3mr-samson at 2025-02-25T04:22:26Z<br/>
        <strong>Family:</strong> F1C96654979<br/>
        ]]>
      </description>
      <styleUrl>#pathStyle</styleUrl>
      <LineString>
        <extrude>1</extrude>
        <tessellate>1</tessellate>
        <coordinates>
          121.516967,25.046094,0
          121.516992,25.046063,0
        </coordinates>
      </LineString>
    </Placemark>
    <Placemark>
      <name>Path 20-21</name>
      <description>
        <![CDATA[
        <strong>From:</strong> g3mr-samson at 2025-02-25T04:22:26Z<br/>
        <strong>To:</strong> g3mr-samson at 2025-02-25T04:22:27Z<br/>
        <strong>Family:</strong> F1C96654979<br/>
        ]]>
      </description>
      <styleUrl>#pathStyle</styleUrl>
      <LineString>
        <extrude>1</extrude>
        <tessellate>1</tessellate>
        <coordinates>
          121.516992,25.046063,0
          121.516921,25.046125,0
        </coordinates>
      </LineString>
    </Placemark>
    <Placemark>
      <name>Path 21-22</name>
      <description>
        <![CDATA[
        <strong>From:</strong> g3mr-samson at 2025-02-25T04:22:27Z<br/>
        <strong>To:</strong> g3mr-samson at 2025-02-25T04:32:37Z<br/>
        <strong>Family:</strong> F1C96654979<br/>
        ]]>
      </description>
      <styleUrl>#pathStyle</styleUrl>
      <LineString>
        <extrude>1</extrude>
        <tessellate>1</tessellate>
        <coordinates>
          121.516921,25.046125,0
          121.516991,25.046059,0
        </coordinates>
      </LineString>
    </Placemark>
    <Placemark>
      <name>Path 22-23</name>
      <description>
        <![CDATA[
        <strong>From:</strong> g3mr-samson at 2025-02-25T04:32:37Z<br/>
        <strong>To:</strong> g3mr-samson at 2025-02-25T04:53:22Z<br/>
        <strong>Family:</strong> F1C96654979<br/>
        ]]>
      </description>
      <styleUrl>#pathStyle</styleUrl>
      <LineString>
        <extrude>1</extrude>
        <tessellate>1</tessellate>
        <coordinates>
          121.516991,25.046059,0
          121.516971,25.046078,0
        </coordinates>
      </LineString>
    </Placemark>
    <Placemark>
      <name>Path 23-24</name>
      <description>
        <![CDATA[
        <strong>From:</strong> g3mr-samson at 2025-02-25T04:53:22Z<br/>
        <strong>To:</strong> g3mr-samson at 2025-02-25T05:03:25Z<br/>
        <strong>Family:</strong> F1C96654979<br/>
        ]]>
      </description>
      <styleUrl>#pathStyle</styleUrl>
      <LineString>
        <extrude>1</extrude>
        <tessellate>1</tessellate>
        <coordinates>
          121.516971,25.046078,0
          121.516974,25.046081,0
        </coordinates>
      </LineString>
    </Placemark>
    <Placemark>
      <name>Path 24-25</name>
      <description>
        <![CDATA[
        <strong>From:</strong> g3mr-samson at 2025-02-25T05:03:25Z<br/>
        <strong>To:</strong> g3mr-samson at 2025-02-25T05:13:42Z<br/>
        <strong>Family:</strong> F1C96654979<br/>
        ]]>
      </description>
      <styleUrl>#pathStyle</styleUrl>
      <LineString>
        <extrude>1</extrude>
        <tessellate>1</tessellate>
        <coordinates>
          121.516974,25.046081,0
          121.517001,25.046028,0
        </coordinates>
      </LineString>
    </Placemark>
    <Placemark>
      <name>Path 25-26</name>
      <description>
        <![CDATA[
        <strong>From:</strong> g3mr-samson at 2025-02-25T05:13:42Z<br/>
        <strong>To:</strong> g3mr-samson at 2025-02-25T05:13:45Z<br/>
        <strong>Family:</strong> F1C96654979<br/>
        ]]>
      </description>
      <styleUrl>#pathStyle</styleUrl>
      <LineString>
        <extrude>1</extrude>
        <tessellate>1</tessellate>
        <coordinates>
          121.517001,25.046028,0
          121.517013,25.046012,0
        </coordinates>
      </LineString>
    </Placemark>
    <Placemark>
      <name>Path 26-27</name>
      <description>
        <![CDATA[
        <strong>From:</strong> g3mr-samson at 2025-02-25T05:13:45Z<br/>
        <strong>To:</strong> g3mr-samson at 2025-02-25T05:24:00Z<br/>
        <strong>Family:</strong> F1C96654979<br/>
        ]]>
      </description>
      <styleUrl>#pathStyle</styleUrl>
      <LineString>
        <extrude>1</extrude>
        <tessellate>1</tessellate>
        <coordinates>
          121.517013,25.046012,0
          121.517030,25.045965,0
        </coordinates>
      </LineString>
    </Placemark>
    <Placemark>
      <name>Path 27-28</name>
      <description>
        <![CDATA[
        <strong>From:</strong> g3mr-samson at 2025-02-25T05:24:00Z<br/>
        <strong>To:</strong> g3mr-samson at 2025-02-25T05:24:04Z<br/>
        <strong>Family:</strong> F1C96654979<br/>
        ]]>
      </description>
      <styleUrl>#pathStyle</styleUrl>
      <LineString>
        <extrude>1</extrude>
        <tessellate>1</tessellate>
        <coordinates>
          121.517030,25.045965,0
          121.516980,25.046050,0
        </coordinates>
      </LineString>
    </Placemark>
    <Placemark>
      <name>Path 28-29</name>
      <description>
        <![CDATA[
        <strong>From:</strong> g3mr-samson at 2025-02-25T05:24:04Z<br/>
        <strong>To:</strong> g3mr-samson at 2025-02-25T05:34:18Z<br/>
        <strong>Family:</strong> F1C96654979<br/>
        ]]>
      </description>
      <styleUrl>#pathStyle</styleUrl>
      <LineString>
        <extrude>1</extrude>
        <tessellate>1</tessellate>
        <coordinates>
          121.516980,25.046050,0
          121.516972,25.046076,0
        </coordinates>
      </LineString>
    </Placemark>
    <Placemark>
      <name>Path 29-30</name>
      <description>
        <![CDATA[
        <strong>From:</strong> g3mr-samson at 2025-02-25T05:34:18Z<br/>
        <strong>To:</strong> g3mr-samson at 2025-02-25T05:44:28Z<br/>
        <strong>Family:</strong> F1C96654979<br/>
        ]]>
      </description>
      <styleUrl>#pathStyle</styleUrl>
      <LineString>
        <extrude>1</extrude>
        <tessellate>1</tessellate>
        <coordinates>
          121.516972,25.046076,0
          121.516970,25.046065,0
        </coordinates>
      </LineString>
    </Placemark>
    <Placemark>
      <name>Path 30-31</name>
      <description>
        <![CDATA[
        <strong>From:</strong> g3mr-samson at 2025-02-25T05:44:28Z<br/>
        <strong>To:</strong> g3mr-samson at 2025-02-25T05:44:33Z<br/>
        <strong>Family:</strong> F1C96654979<br/>
        ]]>
      </description>
      <styleUrl>#pathStyle</styleUrl>
      <LineString>
        <extrude>1</extrude>
        <tessellate>1</tessellate>
        <coordinates>
          121.516970,25.046065,0
          121.517075,25.045810,0
        </coordinates>
      </LineString>
    </Placemark>
    <Placemark>
      <name>Path 31-32</name>
      <description>
        <![CDATA[
        <strong>From:</strong> g3mr-samson at 2025-02-25T05:44:33Z<br/>
        <strong>To:</strong> g3mr-samson at 2025-02-25T05:54:50Z<br/>
        <strong>Family:</strong> F1C96654979<br/>
        ]]>
      </description>
      <styleUrl>#pathStyle</styleUrl>
      <LineString>
        <extrude>1</extrude>
        <tessellate>1</tessellate>
        <coordinates>
          121.517075,25.045810,0
          121.517090,25.045793,0
        </coordinates>
      </LineString>
    </Placemark>
    <Placemark>
      <name>Path 32-33</name>
      <description>
        <![CDATA[
        <strong>From:</strong> g3mr-samson at 2025-02-25T05:54:50Z<br/>
        <strong>To:</strong> g3mr-samson at 2025-02-25T06:05:00Z<br/>
        <strong>Family:</strong> F1C96654979<br/>
        ]]>
      </description>
      <styleUrl>#pathStyle</styleUrl>
      <LineString>
        <extrude>1</extrude>
        <tessellate>1</tessellate>
        <coordinates>
          121.517090,25.045793,0
          121.517075,25.045822,0
        </coordinates>
      </LineString>
    </Placemark>
    <Placemark>
      <name>Path 33-34</name>
      <description>
        <![CDATA[
        <strong>From:</strong> g3mr-samson at 2025-02-25T06:05:00Z<br/>
        <strong>To:</strong> g3mr-samson at 2025-02-25T06:05:00Z<br/>
        <strong>Family:</strong> F1C96654979<br/>
        ]]>
      </description>
      <styleUrl>#pathStyle</styleUrl>
      <LineString>
        <extrude>1</extrude>
        <tessellate>1</tessellate>
        <coordinates>
          121.517075,25.045822,0
          121.517018,25.046017,0
        </coordinates>
      </LineString>
    </Placemark>
    <Placemark>
      <name>Path 34-35</name>
      <description>
        <![CDATA[
        <strong>From:</strong> g3mr-samson at 2025-02-25T06:05:00Z<br/>
        <strong>To:</strong> g3mr-samson at 2025-02-25T06:15:24Z<br/>
        <strong>Family:</strong> F1C96654979<br/>
        ]]>
      </description>
      <styleUrl>#pathStyle</styleUrl>
      <LineString>
        <extrude>1</extrude>
        <tessellate>1</tessellate>
        <coordinates>
          121.517018,25.046017,0
          121.517092,25.045819,0
        </coordinates>
      </LineString>
    </Placemark>
    <Placemark>
      <name>Path 35-36</name>
      <description>
        <![CDATA[
        <strong>From:</strong> g3mr-samson at 2025-02-25T06:15:24Z<br/>
        <strong>To:</strong> g3mr-samson at 2025-02-25T06:25:32Z<br/>
        <strong>Family:</strong> F1C96654979<br/>
        ]]>
      </description>
      <styleUrl>#pathStyle</styleUrl>
      <LineString>
        <extrude>1</extrude>
        <tessellate>1</tessellate>
        <coordinates>
          121.517092,25.045819,0
          121.517041,25.045989,0
        </coordinates>
      </LineString>
    </Placemark>
    <Placemark>
      <name>Path 36-37</name>
      <description>
        <![CDATA[
        <strong>From:</strong> g3mr-samson at 2025-02-25T06:25:32Z<br/>
        <strong>To:</strong> g3mr-samson at 2025-02-25T06:25:34Z<br/>
        <strong>Family:</strong> F1C96654979<br/>
        ]]>
      </description>
      <styleUrl>#pathStyle</styleUrl>
      <LineString>
        <extrude>1</extrude>
        <tessellate>1</tessellate>
        <coordinates>
          121.517041,25.045989,0
          121.517084,25.045861,0
        </coordinates>
      </LineString>
    </Placemark>
    <Placemark>
      <name>Path 37-38</name>
      <description>
        <![CDATA[
        <strong>From:</strong> g3mr-samson at 2025-02-25T06:25:34Z<br/>
        <strong>To:</strong> g3mr-samson at 2025-02-25T06:35:50Z<br/>
        <strong>Family:</strong> F1C96654979<br/>
        ]]>
      </description>
      <styleUrl>#pathStyle</styleUrl>
      <LineString>
        <extrude>1</extrude>
        <tessellate>1</tessellate>
        <coordinates>
          121.517084,25.045861,0
          121.517019,25.045934,0
        </coordinates>
      </LineString>
    </Placemark>
    <Placemark>
      <name>Path 38-39</name>
      <description>
        <![CDATA[
        <strong>From:</strong> g3mr-samson at 2025-02-25T06:35:50Z<br/>
        <strong>To:</strong> g3mr-samson at 2025-02-25T06:56:28Z<br/>
        <strong>Family:</strong> F1C96654979<br/>
        ]]>
      </description>
      <styleUrl>#pathStyle</styleUrl>
      <LineString>
        <extrude>1</extrude>
        <tessellate>1</tessellate>
        <coordinates>
          121.517019,25.045934,0
          121.517078,25.045954,0
        </coordinates>
      </LineString>
    </Placemark>
    <Placemark>
      <name>Path 39-40</name>
      <description>
        <![CDATA[
        <strong>From:</strong> g3mr-samson at 2025-02-25T06:56:28Z<br/>
        <strong>To:</strong> g3mr-samson at 2025-02-25T07:06:43Z<br/>
        <strong>Family:</strong> F1C96654979<br/>
        ]]>
      </description>
      <styleUrl>#pathStyle</styleUrl>
      <LineString>
        <extrude>1</extrude>
        <tessellate>1</tessellate>
        <coordinates>
          121.517078,25.045954,0
          121.517098,25.045777,0
        </coordinates>
      </LineString>
    </Placemark>
    <Placemark>
      <name>Path 40-41</name>
      <description>
        <![CDATA[
        <strong>From:</strong> g3mr-samson at 2025-02-25T07:06:43Z<br/>
        <strong>To:</strong> g3mr-samson at 2025-02-25T07:16:55Z<br/>
        <strong>Family:</strong> F1C96654979<br/>
        ]]>
      </description>
      <styleUrl>#pathStyle</styleUrl>
      <LineString>
        <extrude>1</extrude>
        <tessellate>1</tessellate>
        <coordinates>
          121.517098,25.045777,0
          121.516954,25.046149,0
        </coordinates>
      </LineString>
    </Placemark>
    <Placemark>
      <name>Path 41-42</name>
      <description>
        <![CDATA[
        <strong>From:</strong> g3mr-samson at 2025-02-25T07:16:55Z<br/>
        <strong>To:</strong> g3mr-samson at 2025-02-25T07:27:20Z<br/>
        <strong>Family:</strong> F1C96654979<br/>
        ]]>
      </description>
      <styleUrl>#pathStyle</styleUrl>
      <LineString>
        <extrude>1</extrude>
        <tessellate>1</tessellate>
        <coordinates>
          121.516954,25.046149,0
          121.516955,25.046087,0
        </coordinates>
      </LineString>
    </Placemark>
    <Placemark>
      <name>Path 42-43</name>
      <description>
        <![CDATA[
        <strong>From:</strong> g3mr-samson at 2025-02-25T07:27:20Z<br/>
        <strong>To:</strong> g3mr-samson at 2025-02-25T07:47:59Z<br/>
        <strong>Family:</strong> F1C96654979<br/>
        ]]>
      </description>
      <styleUrl>#pathStyle</styleUrl>
      <LineString>
        <extrude>1</extrude>
        <tessellate>1</tessellate>
        <coordinates>
          121.516955,25.046087,0
          121.517989,25.049355,0
        </coordinates>
      </LineString>
    </Placemark>
    <Placemark>
      <name>Path 43-44</name>
      <description>
        <![CDATA[
        <strong>From:</strong> g3mr-samson at 2025-02-25T07:47:59Z<br/>
        <strong>To:</strong> g3mr-samson at 2025-02-25T07:58:11Z<br/>
        <strong>Family:</strong> F1C96654979<br/>
        ]]>
      </description>
      <styleUrl>#pathStyle</styleUrl>
      <LineString>
        <extrude>1</extrude>
        <tessellate>1</tessellate>
        <coordinates>
          121.517989,25.049355,0
          121.518639,25.048759,0
        </coordinates>
      </LineString>
    </Placemark>
    <Placemark>
      <name>Path 44-45</name>
      <description>
        <![CDATA[
        <strong>From:</strong> g3mr-samson at 2025-02-25T07:58:11Z<br/>
        <strong>To:</strong> g3mr-samson at 2025-02-25T08:08:22Z<br/>
        <strong>Family:</strong> F1C96654979<br/>
        ]]>
      </description>
      <styleUrl>#pathStyle</styleUrl>
      <LineString>
        <extrude>1</extrude>
        <tessellate>1</tessellate>
        <coordinates>
          121.518639,25.048759,0
          121.522585,25.049715,0
        </coordinates>
      </LineString>
    </Placemark>
    <Placemark>
      <name>Path 45-46</name>
      <description>
        <![CDATA[
        <strong>From:</strong> g3mr-samson at 2025-02-25T08:08:22Z<br/>
        <strong>To:</strong> g3mr-samson at 2025-02-25T08:29:01Z<br/>
        <strong>Family:</strong> F1C96654979<br/>
        ]]>
      </description>
      <styleUrl>#pathStyle</styleUrl>
      <LineString>
        <extrude>1</extrude>
        <tessellate>1</tessellate>
        <coordinates>
          121.522585,25.049715,0
          121.523433,25.049423,0
        </coordinates>
      </LineString>
    </Placemark>
    <Placemark>
      <name>Path 46-47</name>
      <description>
        <![CDATA[
        <strong>From:</strong> g3mr-samson at 2025-02-25T08:29:01Z<br/>
        <strong>To:</strong> g3mr-samson at 2025-02-25T08:59:54Z<br/>
        <strong>Family:</strong> F1C96654979<br/>
        ]]>
      </description>
      <styleUrl>#pathStyle</styleUrl>
      <LineString>
        <extrude>1</extrude>
        <tessellate>1</tessellate>
        <coordinates>
          121.523433,25.049423,0
          121.523466,25.049421,0
        </coordinates>
      </LineString>
    </Placemark>
    <Placemark>
      <name>Path 47-48</name>
      <description>
        <![CDATA[
        <strong>From:</strong> g3mr-samson at 2025-02-25T08:59:54Z<br/>
        <strong>To:</strong> g3mr-samson at 2025-02-25T09:09:58Z<br/>
        <strong>Family:</strong> F1C96654979<br/>
        ]]>
      </description>
      <styleUrl>#pathStyle</styleUrl>
      <LineString>
        <extrude>1</extrude>
        <tessellate>1</tessellate>
        <coordinates>
          121.523466,25.049421,0
          121.525493,25.050222,0
        </coordinates>
      </LineString>
    </Placemark>
    <Placemark>
      <name>Path 48-49</name>
      <description>
        <![CDATA[
        <strong>From:</strong> g3mr-samson at 2025-02-25T09:09:58Z<br/>
        <strong>To:</strong> g3mr-samson at 2025-02-25T09:30:30Z<br/>
        <strong>Family:</strong> F1C96654979<br/>
        ]]>
      </description>
      <styleUrl>#pathStyle</styleUrl>
      <LineString>
        <extrude>1</extrude>
        <tessellate>1</tessellate>
        <coordinates>
          121.525493,25.050222,0
          121.525470,25.051071,0
        </coordinates>
      </LineString>
    </Placemark>
    <Placemark>
      <name>Path 49-50</name>
      <description>
        <![CDATA[
        <strong>From:</strong> g3mr-samson at 2025-02-25T09:30:30Z<br/>
        <strong>To:</strong> g3mr-samson at 2025-02-25T09:40:54Z<br/>
        <strong>Family:</strong> F1C96654979<br/>
        ]]>
      </description>
      <styleUrl>#pathStyle</styleUrl>
      <LineString>
        <extrude>1</extrude>
        <tessellate>1</tessellate>
        <coordinates>
          121.525470,25.051071,0
          121.525511,25.051067,0
        </coordinates>
      </LineString>
    </Placemark>
    <Placemark>
      <name>Path 50-51</name>
      <description>
        <![CDATA[
        <strong>From:</strong> g3mr-samson at 2025-02-25T09:40:54Z<br/>
        <strong>To:</strong> g3mr-samson at 2025-02-25T09:51:06Z<br/>
        <strong>Family:</strong> F1C96654979<br/>
        ]]>
      </description>
      <styleUrl>#pathStyle</styleUrl>
      <LineString>
        <extrude>1</extrude>
        <tessellate>1</tessellate>
        <coordinates>
          121.525511,25.051067,0
          121.525519,25.051080,0
        </coordinates>
      </LineString>
    </Placemark>
    <Placemark>
      <name>Path 51-52</name>
      <description>
        <![CDATA[
        <strong>From:</strong> g3mr-samson at 2025-02-25T09:51:06Z<br/>
        <strong>To:</strong> g3mr-samson at 2025-02-25T10:01:22Z<br/>
        <strong>Family:</strong> F1C96654979<br/>
        ]]>
      </description>
      <styleUrl>#pathStyle</styleUrl>
      <LineString>
        <extrude>1</extrude>
        <tessellate>1</tessellate>
        <coordinates>
          121.525519,25.051080,0
          121.525554,25.051025,0
        </coordinates>
      </LineString>
    </Placemark>
    <Placemark>
      <name>Path 52-53</name>
      <description>
        <![CDATA[
        <strong>From:</strong> g3mr-samson at 2025-02-25T10:01:22Z<br/>
        <strong>To:</strong> g3mr-samson at 2025-02-25T10:11:39Z<br/>
        <strong>Family:</strong> F1C96654979<br/>
        ]]>
      </description>
      <styleUrl>#pathStyle</styleUrl>
      <LineString>
        <extrude>1</extrude>
        <tessellate>1</tessellate>
        <coordinates>
          121.525554,25.051025,0
          121.524944,25.050396,0
        </coordinates>
      </LineString>
    </Placemark>
    <Placemark>
      <name>Path 53-54</name>
      <description>
        <![CDATA[
        <strong>From:</strong> g3mr-samson at 2025-02-25T10:11:39Z<br/>
        <strong>To:</strong> g3mr-samson at 2025-02-25T10:32:05Z<br/>
        <strong>Family:</strong> F1C96654979<br/>
        ]]>
      </description>
      <styleUrl>#pathStyle</styleUrl>
      <LineString>
        <extrude>1</extrude>
        <tessellate>1</tessellate>
        <coordinates>
          121.524944,25.050396,0
          121.517899,25.048110,0
        </coordinates>
      </LineString>
    </Placemark>
    <Placemark>
      <name>Path 54-55</name>
      <description>
        <![CDATA[
        <strong>From:</strong> g3mr-samson at 2025-02-25T10:32:05Z<br/>
        <strong>To:</strong> g3mr-samson at 2025-02-25T10:42:36Z<br/>
        <strong>Family:</strong> F1C96654979<br/>
        ]]>
      </description>
      <styleUrl>#pathStyle</styleUrl>
      <LineString>
        <extrude>1</extrude>
        <tessellate>1</tessellate>
        <coordinates>
          121.517899,25.048110,0
          121.517457,25.048302,0
        </coordinates>
      </LineString>
    </Placemark>
    <Placemark>
      <name>Path 55-56</name>
      <description>
        <![CDATA[
        <strong>From:</strong> g3mr-samson at 2025-02-25T10:42:36Z<br/>
        <strong>To:</strong> g3mr-samson at 2025-02-25T11:44:17Z<br/>
        <strong>Family:</strong> F1C96654979<br/>
        ]]>
      </description>
      <styleUrl>#pathStyle</styleUrl>
      <LineString>
        <extrude>1</extrude>
        <tessellate>1</tessellate>
        <coordinates>
          121.517457,25.048302,0
          121.519343,25.049162,0
        </coordinates>
      </LineString>
    </Placemark>
    <Placemark>
      <name>Path 56-57</name>
      <description>
        <![CDATA[
        <strong>From:</strong> g3mr-samson at 2025-02-25T11:44:17Z<br/>
        <strong>To:</strong> g3mr-samson at 2025-02-25T11:54:33Z<br/>
        <strong>Family:</strong> F1C96654979<br/>
        ]]>
      </description>
      <styleUrl>#pathStyle</styleUrl>
      <LineString>
        <extrude>1</extrude>
        <tessellate>1</tessellate>
        <coordinates>
          121.519343,25.049162,0
          121.520904,25.055775,0
        </coordinates>
      </LineString>
    </Placemark>
    <Placemark>
      <name>Path 57-58</name>
      <description>
        <![CDATA[
        <strong>From:</strong> g3mr-samson at 2025-02-25T11:54:33Z<br/>
        <strong>To:</strong> g3mr-samson at 2025-02-25T12:04:50Z<br/>
        <strong>Family:</strong> F1C96654979<br/>
        ]]>
      </description>
      <styleUrl>#pathStyle</styleUrl>
      <LineString>
        <extrude>1</extrude>
        <tessellate>1</tessellate>
        <coordinates>
          121.520904,25.055775,0
          121.520558,25.054811,0
        </coordinates>
      </LineString>
    </Placemark>
    <Placemark>
      <name>Path 58-59</name>
      <description>
        <![CDATA[
        <strong>From:</strong> g3mr-samson at 2025-02-25T12:04:50Z<br/>
        <strong>To:</strong> g3mr-samson at 2025-02-25T12:14:58Z<br/>
        <strong>Family:</strong> F1C96654979<br/>
        ]]>
      </description>
      <styleUrl>#pathStyle</styleUrl>
      <LineString>
        <extrude>1</extrude>
        <tessellate>1</tessellate>
        <coordinates>
          121.520558,25.054811,0
          121.520574,25.052054,0
        </coordinates>
      </LineString>
    </Placemark>
    <Placemark>
      <name>Path 59-60</name>
      <description>
        <![CDATA[
        <strong>From:</strong> g3mr-samson at 2025-02-25T12:14:58Z<br/>
        <strong>To:</strong> g3mr-samson at 2025-02-25T12:35:34Z<br/>
        <strong>Family:</strong> F1C96654979<br/>
        ]]>
      </description>
      <styleUrl>#pathStyle</styleUrl>
      <LineString>
        <extrude>1</extrude>
        <tessellate>1</tessellate>
        <coordinates>
          121.520574,25.052054,0
          121.521470,25.049925,0
        </coordinates>
      </LineString>
    </Placemark>
    <Placemark>
      <name>Path 60-61</name>
      <description>
        <![CDATA[
        <strong>From:</strong> g3mr-samson at 2025-02-25T12:35:34Z<br/>
        <strong>To:</strong> g3mr-samson at 2025-02-25T12:45:49Z<br/>
        <strong>Family:</strong> F1C96654979<br/>
        ]]>
      </description>
      <styleUrl>#pathStyle</styleUrl>
      <LineString>
        <extrude>1</extrude>
        <tessellate>1</tessellate>
        <coordinates>
          121.521470,25.049925,0
          121.520767,25.050078,0
        </coordinates>
      </LineString>
    </Placemark>
    <Placemark>
      <name>Path 61-62</name>
      <description>
        <![CDATA[
        <strong>From:</strong> g3mr-samson at 2025-02-25T12:45:49Z<br/>
        <strong>To:</strong> g3mr-samson at 2025-02-25T12:55:57Z<br/>
        <strong>Family:</strong> F1C96654979<br/>
        ]]>
      </description>
      <styleUrl>#pathStyle</styleUrl>
      <LineString>
        <extrude>1</extrude>
        <tessellate>1</tessellate>
        <coordinates>
          121.520767,25.050078,0
          121.520778,25.050079,0
        </coordinates>
      </LineString>
    </Placemark>
    <Placemark>
      <name>Path 62-63</name>
      <description>
        <![CDATA[
        <strong>From:</strong> g3mr-samson at 2025-02-25T12:55:57Z<br/>
        <strong>To:</strong> g3mr-samson at 2025-02-25T13:26:52Z<br/>
        <strong>Family:</strong> F1C96654979<br/>
        ]]>
      </description>
      <styleUrl>#pathStyle</styleUrl>
      <LineString>
        <extrude>1</extrude>
        <tessellate>1</tessellate>
        <coordinates>
          121.520778,25.050079,0
          121.522010,25.027478,0
        </coordinates>
      </LineString>
    </Placemark>
    <Placemark>
      <name>Path 63-64</name>
      <description>
        <![CDATA[
        <strong>From:</strong> g3mr-samson at 2025-02-25T13:26:52Z<br/>
        <strong>To:</strong> g3mr-samson at 2025-02-25T13:37:00Z<br/>
        <strong>Family:</strong> F1C96654979<br/>
        ]]>
      </description>
      <styleUrl>#pathStyle</styleUrl>
      <LineString>
        <extrude>1</extrude>
        <tessellate>1</tessellate>
        <coordinates>
          121.522010,25.027478,0
          121.522041,25.027530,0
        </coordinates>
      </LineString>
    </Placemark>
    <Placemark>
      <name>Path 64-65</name>
      <description>
        <![CDATA[
        <strong>From:</strong> g3mr-samson at 2025-02-25T13:37:00Z<br/>
        <strong>To:</strong> g3mr-samson at 2025-02-25T13:47:25Z<br/>
        <strong>Family:</strong> F1C96654979<br/>
        ]]>
      </description>
      <styleUrl>#pathStyle</styleUrl>
      <LineString>
        <extrude>1</extrude>
        <tessellate>1</tessellate>
        <coordinates>
          121.522041,25.027530,0
          121.522049,25.027400,0
        </coordinates>
      </LineString>
    </Placemark>
    <Placemark>
      <name>Path 65-66</name>
      <description>
        <![CDATA[
        <strong>From:</strong> g3mr-samson at 2025-02-25T13:47:25Z<br/>
        <strong>To:</strong> g3mr-samson at 2025-02-25T13:57:49Z<br/>
        <strong>Family:</strong> F1C96654979<br/>
        ]]>
      </description>
      <styleUrl>#pathStyle</styleUrl>
      <LineString>
        <extrude>1</extrude>
        <tessellate>1</tessellate>
        <coordinates>
          121.522049,25.027400,0
          121.521999,25.027454,0
        </coordinates>
      </LineString>
    </Placemark>
    <Placemark>
      <name>Path 66-67</name>
      <description>
        <![CDATA[
        <strong>From:</strong> g3mr-samson at 2025-02-25T13:57:49Z<br/>
        <strong>To:</strong> g3mr-samson at 2025-02-25T14:28:46Z<br/>
        <strong>Family:</strong> F1C96654979<br/>
        ]]>
      </description>
      <styleUrl>#pathStyle</styleUrl>
      <LineString>
        <extrude>1</extrude>
        <tessellate>1</tessellate>
        <coordinates>
          121.521999,25.027454,0
          121.522033,25.027484,0
        </coordinates>
      </LineString>
    </Placemark>
    <Placemark>
      <name>Path 67-68</name>
      <description>
        <![CDATA[
        <strong>From:</strong> g3mr-samson at 2025-02-25T14:28:46Z<br/>
        <strong>To:</strong> g3mr-samson at 2025-02-25T14:49:07Z<br/>
        <strong>Family:</strong> F1C96654979<br/>
        ]]>
      </description>
      <styleUrl>#pathStyle</styleUrl>
      <LineString>
        <extrude>1</extrude>
        <tessellate>1</tessellate>
        <coordinates>
          121.522033,25.027484,0
          121.517426,25.046068,0
        </coordinates>
      </LineString>
    </Placemark>
    <Placemark>
      <name>Path 68-69</name>
      <description>
        <![CDATA[
        <strong>From:</strong> g3mr-samson at 2025-02-25T14:49:07Z<br/>
        <strong>To:</strong> g3mr-samson at 2025-02-25T14:59:19Z<br/>
        <strong>Family:</strong> F1C96654979<br/>
        ]]>
      </description>
      <styleUrl>#pathStyle</styleUrl>
      <LineString>
        <extrude>1</extrude>
        <tessellate>1</tessellate>
        <coordinates>
          121.517426,25.046068,0
          121.518001,25.046012,0
        </coordinates>
      </LineString>
    </Placemark>
    <Placemark>
      <name>Path 69-70</name>
      <description>
        <![CDATA[
        <strong>From:</strong> g3mr-samson at 2025-02-25T14:59:19Z<br/>
        <strong>To:</strong> g3mr-samson at 2025-02-25T15:09:35Z<br/>
        <strong>Family:</strong> F1C96654979<br/>
        ]]>
      </description>
      <styleUrl>#pathStyle</styleUrl>
      <LineString>
        <extrude>1</extrude>
        <tessellate>1</tessellate>
        <coordinates>
          121.518001,25.046012,0
          121.523056,25.050297,0
        </coordinates>
      </LineString>
    </Placemark>
    <Placemark>
      <name>Path 70-71</name>
      <description>
        <![CDATA[
        <strong>From:</strong> g3mr-samson at 2025-02-25T15:09:35Z<br/>
        <strong>To:</strong> g3mr-samson at 2025-02-25T15:19:50Z<br/>
        <strong>Family:</strong> F1C96654979<br/>
        ]]>
      </description>
      <styleUrl>#pathStyle</styleUrl>
      <LineString>
        <extrude>1</extrude>
        <tessellate>1</tessellate>
        <coordinates>
          121.523056,25.050297,0
          121.525481,25.051099,0
        </coordinates>
      </LineString>
    </Placemark>
    <Placemark>
      <name>Path 71-72</name>
      <description>
        <![CDATA[
        <strong>From:</strong> g3mr-samson at 2025-02-25T15:19:50Z<br/>
        <strong>To:</strong> g3mr-samson at 2025-02-25T16:11:15Z<br/>
        <strong>Family:</strong> F1C96654979<br/>
        ]]>
      </description>
      <styleUrl>#pathStyle</styleUrl>
      <LineString>
        <extrude>1</extrude>
        <tessellate>1</tessellate>
        <coordinates>
          121.525481,25.051099,0
          121.525492,25.051090,0
        </coordinates>
      </LineString>
    </Placemark>
    <Placemark>
      <name>Path 72-73</name>
      <description>
        <![CDATA[
        <strong>From:</strong> g3mr-samson at 2025-02-25T16:11:15Z<br/>
        <strong>To:</strong> g3mr-samson at 2025-02-25T16:21:27Z<br/>
        <strong>Family:</strong> F1C96654979<br/>
        ]]>
      </description>
      <styleUrl>#pathStyle</styleUrl>
      <LineString>
        <extrude>1</extrude>
        <tessellate>1</tessellate>
        <coordinates>
          121.525492,25.051090,0
          121.525512,25.051091,0
        </coordinates>
      </LineString>
    </Placemark>
    <Placemark>
      <name>Path 73-74</name>
      <description>
        <![CDATA[
        <strong>From:</strong> g3mr-samson at 2025-02-25T16:21:27Z<br/>
        <strong>To:</strong> g3mr-samson at 2025-02-25T16:31:44Z<br/>
        <strong>Family:</strong> F1C96654979<br/>
        ]]>
      </description>
      <styleUrl>#pathStyle</styleUrl>
      <LineString>
        <extrude>1</extrude>
        <tessellate>1</tessellate>
        <coordinates>
          121.525512,25.051091,0
          121.525518,25.051119,0
        </coordinates>
      </LineString>
    </Placemark>
    <Placemark>
      <name>Path 74-75</name>
      <description>
        <![CDATA[
        <strong>From:</strong> g3mr-samson at 2025-02-25T16:31:44Z<br/>
        <strong>To:</strong> g3mr-samson at 2025-02-25T16:42:01Z<br/>
        <strong>Family:</strong> F1C96654979<br/>
        ]]>
      </description>
      <styleUrl>#pathStyle</styleUrl>
      <LineString>
        <extrude>1</extrude>
        <tessellate>1</tessellate>
        <coordinates>
          121.525518,25.051119,0
          121.525493,25.051106,0
        </coordinates>
      </LineString>
    </Placemark>
    <Placemark>
      <name>Path 75-76</name>
      <description>
        <![CDATA[
        <strong>From:</strong> g3mr-samson at 2025-02-25T16:42:01Z<br/>
        <strong>To:</strong> g3mr-samson at 2025-02-25T16:52:17Z<br/>
        <strong>Family:</strong> F1C96654979<br/>
        ]]>
      </description>
      <styleUrl>#pathStyle</styleUrl>
      <LineString>
        <extrude>1</extrude>
        <tessellate>1</tessellate>
        <coordinates>
          121.525493,25.051106,0
          121.525490,25.051104,0
        </coordinates>
      </LineString>
    </Placemark>
    <Placemark>
      <name>Path 76-77</name>
      <description>
        <![CDATA[
        <strong>From:</strong> g3mr-samson at 2025-02-25T16:52:17Z<br/>
        <strong>To:</strong> g3mr-samson at 2025-02-25T17:02:31Z<br/>
        <strong>Family:</strong> F1C96654979<br/>
        ]]>
      </description>
      <styleUrl>#pathStyle</styleUrl>
      <LineString>
        <extrude>1</extrude>
        <tessellate>1</tessellate>
        <coordinates>
          121.525490,25.051104,0
          121.525493,25.051104,0
        </coordinates>
      </LineString>
    </Placemark>
    <Placemark>
      <name>Path 77-78</name>
      <description>
        <![CDATA[
        <strong>From:</strong> g3mr-samson at 2025-02-25T17:02:31Z<br/>
        <strong>To:</strong> g3mr-samson at 2025-02-25T17:12:59Z<br/>
        <strong>Family:</strong> F1C96654979<br/>
        ]]>
      </description>
      <styleUrl>#pathStyle</styleUrl>
      <LineString>
        <extrude>1</extrude>
        <tessellate>1</tessellate>
        <coordinates>
          121.525493,25.051104,0
          121.525490,25.051107,0
        </coordinates>
      </LineString>
    </Placemark>
    <Placemark>
      <name>Path 78-79</name>
      <description>
        <![CDATA[
        <strong>From:</strong> g3mr-samson at 2025-02-25T17:12:59Z<br/>
        <strong>To:</strong> g3mr-samson at 2025-02-25T17:23:21Z<br/>
        <strong>Family:</strong> F1C96654979<br/>
        ]]>
      </description>
      <styleUrl>#pathStyle</styleUrl>
      <LineString>
        <extrude>1</extrude>
        <tessellate>1</tessellate>
        <coordinates>
          121.525490,25.051107,0
          121.525502,25.051098,0
        </coordinates>
      </LineString>
    </Placemark>
    <Placemark>
      <name>Path 79-80</name>
      <description>
        <![CDATA[
        <strong>From:</strong> g3mr-samson at 2025-02-25T17:23:21Z<br/>
        <strong>To:</strong> g3mr-samson at 2025-02-25T17:33:41Z<br/>
        <strong>Family:</strong> F1C96654979<br/>
        ]]>
      </description>
      <styleUrl>#pathStyle</styleUrl>
      <LineString>
        <extrude>1</extrude>
        <tessellate>1</tessellate>
        <coordinates>
          121.525502,25.051098,0
          121.525503,25.051097,0
        </coordinates>
      </LineString>
    </Placemark>
    <Placemark>
      <name>Path 80-81</name>
      <description>
        <![CDATA[
        <strong>From:</strong> g3mr-samson at 2025-02-25T17:33:41Z<br/>
        <strong>To:</strong> g3mr-samson at 2025-02-25T17:43:48Z<br/>
        <strong>Family:</strong> F1C96654979<br/>
        ]]>
      </description>
      <styleUrl>#pathStyle</styleUrl>
      <LineString>
        <extrude>1</extrude>
        <tessellate>1</tessellate>
        <coordinates>
          121.525503,25.051097,0
          121.525513,25.051080,0
        </coordinates>
      </LineString>
    </Placemark>
    <Placemark>
      <name>Path 81-82</name>
      <description>
        <![CDATA[
        <strong>From:</strong> g3mr-samson at 2025-02-25T17:43:48Z<br/>
        <strong>To:</strong> g3mr-samson at 2025-02-25T17:54:06Z<br/>
        <strong>Family:</strong> F1C96654979<br/>
        ]]>
      </description>
      <styleUrl>#pathStyle</styleUrl>
      <LineString>
        <extrude>1</extrude>
        <tessellate>1</tessellate>
        <coordinates>
          121.525513,25.051080,0
          121.525521,25.051067,0
        </coordinates>
      </LineString>
    </Placemark>
    <Placemark>
      <name>Path 82-83</name>
      <description>
        <![CDATA[
        <strong>From:</strong> g3mr-samson at 2025-02-25T17:54:06Z<br/>
        <strong>To:</strong> g3mr-samson at 2025-02-25T18:04:21Z<br/>
        <strong>Family:</strong> F1C96654979<br/>
        ]]>
      </description>
      <styleUrl>#pathStyle</styleUrl>
      <LineString>
        <extrude>1</extrude>
        <tessellate>1</tessellate>
        <coordinates>
          121.525521,25.051067,0
          121.525517,25.051067,0
        </coordinates>
      </LineString>
    </Placemark>
    <Placemark>
      <name>Path 83-84</name>
      <description>
        <![CDATA[
        <strong>From:</strong> g3mr-samson at 2025-02-25T18:04:21Z<br/>
        <strong>To:</strong> g3mr-samson at 2025-02-25T18:14:36Z<br/>
        <strong>Family:</strong> F1C96654979<br/>
        ]]>
      </description>
      <styleUrl>#pathStyle</styleUrl>
      <LineString>
        <extrude>1</extrude>
        <tessellate>1</tessellate>
        <coordinates>
          121.525517,25.051067,0
          121.525509,25.051074,0
        </coordinates>
      </LineString>
    </Placemark>
    <Placemark>
      <name>Path 84-85</name>
      <description>
        <![CDATA[
        <strong>From:</strong> g3mr-samson at 2025-02-25T18:14:36Z<br/>
        <strong>To:</strong> g3mr-samson at 2025-02-25T18:24:54Z<br/>
        <strong>Family:</strong> F1C96654979<br/>
        ]]>
      </description>
      <styleUrl>#pathStyle</styleUrl>
      <LineString>
        <extrude>1</extrude>
        <tessellate>1</tessellate>
        <coordinates>
          121.525509,25.051074,0
          121.525499,25.051084,0
        </coordinates>
      </LineString>
    </Placemark>
    <Placemark>
      <name>Path 85-86</name>
      <description>
        <![CDATA[
        <strong>From:</strong> g3mr-samson at 2025-02-25T18:24:54Z<br/>
        <strong>To:</strong> g3mr-samson at 2025-02-25T18:35:08Z<br/>
        <strong>Family:</strong> F1C96654979<br/>
        ]]>
      </description>
      <styleUrl>#pathStyle</styleUrl>
      <LineString>
        <extrude>1</extrude>
        <tessellate>1</tessellate>
        <coordinates>
          121.525499,25.051084,0
          121.525500,25.051083,0
        </coordinates>
      </LineString>
    </Placemark>
    <Placemark>
      <name>Path 86-87</name>
      <description>
        <![CDATA[
        <strong>From:</strong> g3mr-samson at 2025-02-25T18:35:08Z<br/>
        <strong>To:</strong> g3mr-samson at 2025-02-25T18:45:27Z<br/>
        <strong>Family:</strong> F1C96654979<br/>
        ]]>
      </description>
      <styleUrl>#pathStyle</styleUrl>
      <LineString>
        <extrude>1</extrude>
        <tessellate>1</tessellate>
        <coordinates>
          121.525500,25.051083,0
          121.525502,25.051085,0
        </coordinates>
      </LineString>
    </Placemark>
    <Placemark>
      <name>Path 87-88</name>
      <description>
        <![CDATA[
        <strong>From:</strong> g3mr-samson at 2025-02-25T18:45:27Z<br/>
        <strong>To:</strong> g3mr-samson at 2025-02-25T18:55:42Z<br/>
        <strong>Family:</strong> F1C96654979<br/>
        ]]>
      </description>
      <styleUrl>#pathStyle</styleUrl>
      <LineString>
        <extrude>1</extrude>
        <tessellate>1</tessellate>
        <coordinates>
          121.525502,25.051085,0
          121.525502,25.051088,0
        </coordinates>
      </LineString>
    </Placemark>
    <Placemark>
      <name>Path 88-89</name>
      <description>
        <![CDATA[
        <strong>From:</strong> g3mr-samson at 2025-02-25T18:55:42Z<br/>
        <strong>To:</strong> g3mr-samson at 2025-02-25T19:06:03Z<br/>
        <strong>Family:</strong> F1C96654979<br/>
        ]]>
      </description>
      <styleUrl>#pathStyle</styleUrl>
      <LineString>
        <extrude>1</extrude>
        <tessellate>1</tessellate>
        <coordinates>
          121.525502,25.051088,0
          121.525507,25.051085,0
        </coordinates>
      </LineString>
    </Placemark>
    <Placemark>
      <name>Path 89-90</name>
      <description>
        <![CDATA[
        <strong>From:</strong> g3mr-samson at 2025-02-25T19:06:03Z<br/>
        <strong>To:</strong> g3mr-samson at 2025-02-25T19:16:13Z<br/>
        <strong>Family:</strong> F1C96654979<br/>
        ]]>
      </description>
      <styleUrl>#pathStyle</styleUrl>
      <LineString>
        <extrude>1</extrude>
        <tessellate>1</tessellate>
        <coordinates>
          121.525507,25.051085,0
          121.525516,25.051079,0
        </coordinates>
      </LineString>
    </Placemark>
    <Placemark>
      <name>Path 90-91</name>
      <description>
        <![CDATA[
        <strong>From:</strong> g3mr-samson at 2025-02-25T19:16:13Z<br/>
        <strong>To:</strong> g3mr-samson at 2025-02-25T19:26:32Z<br/>
        <strong>Family:</strong> F1C96654979<br/>
        ]]>
      </description>
      <styleUrl>#pathStyle</styleUrl>
      <LineString>
        <extrude>1</extrude>
        <tessellate>1</tessellate>
        <coordinates>
          121.525516,25.051079,0
          121.525502,25.051098,0
        </coordinates>
      </LineString>
    </Placemark>
    <Placemark>
      <name>Path 91-92</name>
      <description>
        <![CDATA[
        <strong>From:</strong> g3mr-samson at 2025-02-25T19:26:32Z<br/>
        <strong>To:</strong> g3mr-samson at 2025-02-25T19:36:55Z<br/>
        <strong>Family:</strong> F1C96654979<br/>
        ]]>
      </description>
      <styleUrl>#pathStyle</styleUrl>
      <LineString>
        <extrude>1</extrude>
        <tessellate>1</tessellate>
        <coordinates>
          121.525502,25.051098,0
          121.525501,25.051098,0
        </coordinates>
      </LineString>
    </Placemark>
    <Placemark>
      <name>Path 92-93</name>
      <description>
        <![CDATA[
        <strong>From:</strong> g3mr-samson at 2025-02-25T19:36:55Z<br/>
        <strong>To:</strong> g3mr-samson at 2025-02-25T19:47:01Z<br/>
        <strong>Family:</strong> F1C96654979<br/>
        ]]>
      </description>
      <styleUrl>#pathStyle</styleUrl>
      <LineString>
        <extrude>1</extrude>
        <tessellate>1</tessellate>
        <coordinates>
          121.525501,25.051098,0
          121.525507,25.051093,0
        </coordinates>
      </LineString>
    </Placemark>
    <Placemark>
      <name>Path 93-94</name>
      <description>
        <![CDATA[
        <strong>From:</strong> g3mr-samson at 2025-02-25T19:47:01Z<br/>
        <strong>To:</strong> g3mr-samson at 2025-02-25T19:57:21Z<br/>
        <strong>Family:</strong> F1C96654979<br/>
        ]]>
      </description>
      <styleUrl>#pathStyle</styleUrl>
      <LineString>
        <extrude>1</extrude>
        <tessellate>1</tessellate>
        <coordinates>
          121.525507,25.051093,0
          121.525509,25.051091,0
        </coordinates>
      </LineString>
    </Placemark>
    <Placemark>
      <name>Path 94-95</name>
      <description>
        <![CDATA[
        <strong>From:</strong> g3mr-samson at 2025-02-25T19:57:21Z<br/>
        <strong>To:</strong> g3mr-samson at 2025-02-25T20:07:35Z<br/>
        <strong>Family:</strong> F1C96654979<br/>
        ]]>
      </description>
      <styleUrl>#pathStyle</styleUrl>
      <LineString>
        <extrude>1</extrude>
        <tessellate>1</tessellate>
        <coordinates>
          121.525509,25.051091,0
          121.525509,25.051088,0
        </coordinates>
      </LineString>
    </Placemark>
    <Placemark>
      <name>Path 95-96</name>
      <description>
        <![CDATA[
        <strong>From:</strong> g3mr-samson at 2025-02-25T20:07:35Z<br/>
        <strong>To:</strong> g3mr-samson at 2025-02-25T20:17:51Z<br/>
        <strong>Family:</strong> F1C96654979<br/>
        ]]>
      </description>
      <styleUrl>#pathStyle</styleUrl>
      <LineString>
        <extrude>1</extrude>
        <tessellate>1</tessellate>
        <coordinates>
          121.525509,25.051088,0
          121.525515,25.051079,0
        </coordinates>
      </LineString>
    </Placemark>
    <Placemark>
      <name>Path 96-97</name>
      <description>
        <![CDATA[
        <strong>From:</strong> g3mr-samson at 2025-02-25T20:17:51Z<br/>
        <strong>To:</strong> g3mr-samson at 2025-02-25T20:28:19Z<br/>
        <strong>Family:</strong> F1C96654979<br/>
        ]]>
      </description>
      <styleUrl>#pathStyle</styleUrl>
      <LineString>
        <extrude>1</extrude>
        <tessellate>1</tessellate>
        <coordinates>
          121.525515,25.051079,0
          121.525498,25.051089,0
        </coordinates>
      </LineString>
    </Placemark>
    <Placemark>
      <name>Path 97-98</name>
      <description>
        <![CDATA[
        <strong>From:</strong> g3mr-samson at 2025-02-25T20:28:19Z<br/>
        <strong>To:</strong> g3mr-samson at 2025-02-25T20:38:34Z<br/>
        <strong>Family:</strong> F1C96654979<br/>
        ]]>
      </description>
      <styleUrl>#pathStyle</styleUrl>
      <LineString>
        <extrude>1</extrude>
        <tessellate>1</tessellate>
        <coordinates>
          121.525498,25.051089,0
          121.525497,25.051089,0
        </coordinates>
      </LineString>
    </Placemark>
    <Placemark>
      <name>Path 98-99</name>
      <description>
        <![CDATA[
        <strong>From:</strong> g3mr-samson at 2025-02-25T20:38:34Z<br/>
        <strong>To:</strong> g3mr-samson at 2025-02-25T20:48:55Z<br/>
        <strong>Family:</strong> F1C96654979<br/>
        ]]>
      </description>
      <styleUrl>#pathStyle</styleUrl>
      <LineString>
        <extrude>1</extrude>
        <tessellate>1</tessellate>
        <coordinates>
          121.525497,25.051089,0
          121.525504,25.051083,0
        </coordinates>
      </LineString>
    </Placemark>
    <Placemark>
      <name>Path 99-100</name>
      <description>
        <![CDATA[
        <strong>From:</strong> g3mr-samson at 2025-02-25T20:48:55Z<br/>
        <strong>To:</strong> g3mr-samson at 2025-02-25T20:59:11Z<br/>
        <strong>Family:</strong> F1C96654979<br/>
        ]]>
      </description>
      <styleUrl>#pathStyle</styleUrl>
      <LineString>
        <extrude>1</extrude>
        <tessellate>1</tessellate>
        <coordinates>
          121.525504,25.051083,0
          121.525508,25.051081,0
        </coordinates>
      </LineString>
    </Placemark>
    <Placemark>
      <name>Path 100-101</name>
      <description>
        <![CDATA[
        <strong>From:</strong> g3mr-samson at 2025-02-25T20:59:11Z<br/>
        <strong>To:</strong> g3mr-samson at 2025-02-25T21:09:23Z<br/>
        <strong>Family:</strong> F1C96654979<br/>
        ]]>
      </description>
      <styleUrl>#pathStyle</styleUrl>
      <LineString>
        <extrude>1</extrude>
        <tessellate>1</tessellate>
        <coordinates>
          121.525508,25.051081,0
          121.525508,25.051082,0
        </coordinates>
      </LineString>
    </Placemark>
    <Placemark>
      <name>Path 101-102</name>
      <description>
        <![CDATA[
        <strong>From:</strong> g3mr-samson at 2025-02-25T21:09:23Z<br/>
        <strong>To:</strong> g3mr-samson at 2025-02-25T21:19:38Z<br/>
        <strong>Family:</strong> F1C96654979<br/>
        ]]>
      </description>
      <styleUrl>#pathStyle</styleUrl>
      <LineString>
        <extrude>1</extrude>
        <tessellate>1</tessellate>
        <coordinates>
          121.525508,25.051082,0
          121.525511,25.051082,0
        </coordinates>
      </LineString>
    </Placemark>
    <Placemark>
      <name>Path 102-103</name>
      <description>
        <![CDATA[
        <strong>From:</strong> g3mr-samson at 2025-02-25T21:19:38Z<br/>
        <strong>To:</strong> g3mr-samson at 2025-02-25T21:30:01Z<br/>
        <strong>Family:</strong> F1C96654979<br/>
        ]]>
      </description>
      <styleUrl>#pathStyle</styleUrl>
      <LineString>
        <extrude>1</extrude>
        <tessellate>1</tessellate>
        <coordinates>
          121.525511,25.051082,0
          121.525515,25.051075,0
        </coordinates>
      </LineString>
    </Placemark>
    <Placemark>
      <name>Path 103-104</name>
      <description>
        <![CDATA[
        <strong>From:</strong> g3mr-samson at 2025-02-25T21:30:01Z<br/>
        <strong>To:</strong> g3mr-samson at 2025-02-25T21:40:12Z<br/>
        <strong>Family:</strong> F1C96654979<br/>
        ]]>
      </description>
      <styleUrl>#pathStyle</styleUrl>
      <LineString>
        <extrude>1</extrude>
        <tessellate>1</tessellate>
        <coordinates>
          121.525515,25.051075,0
          121.525515,25.051076,0
        </coordinates>
      </LineString>
    </Placemark>
    <Placemark>
      <name>Path 104-105</name>
      <description>
        <![CDATA[
        <strong>From:</strong> g3mr-samson at 2025-02-25T21:40:12Z<br/>
        <strong>To:</strong> g3mr-samson at 2025-02-25T21:50:27Z<br/>
        <strong>Family:</strong> F1C96654979<br/>
        ]]>
      </description>
      <styleUrl>#pathStyle</styleUrl>
      <LineString>
        <extrude>1</extrude>
        <tessellate>1</tessellate>
        <coordinates>
          121.525515,25.051076,0
          121.525516,25.051075,0
        </coordinates>
      </LineString>
    </Placemark>
    <Placemark>
      <name>Path 105-106</name>
      <description>
        <![CDATA[
        <strong>From:</strong> g3mr-samson at 2025-02-25T21:50:27Z<br/>
        <strong>To:</strong> g3mr-samson at 2025-02-25T22:00:43Z<br/>
        <strong>Family:</strong> F1C96654979<br/>
        ]]>
      </description>
      <styleUrl>#pathStyle</styleUrl>
      <LineString>
        <extrude>1</extrude>
        <tessellate>1</tessellate>
        <coordinates>
          121.525516,25.051075,0
          121.525521,25.051071,0
        </coordinates>
      </LineString>
    </Placemark>
    <Placemark>
      <name>Path 106-107</name>
      <description>
        <![CDATA[
        <strong>From:</strong> g3mr-samson at 2025-02-25T22:00:43Z<br/>
        <strong>To:</strong> g3mr-samson at 2025-02-25T22:11:00Z<br/>
        <strong>Family:</strong> F1C96654979<br/>
        ]]>
      </description>
      <styleUrl>#pathStyle</styleUrl>
      <LineString>
        <extrude>1</extrude>
        <tessellate>1</tessellate>
        <coordinates>
          121.525521,25.051071,0
          121.525521,25.051071,0
        </coordinates>
      </LineString>
    </Placemark>
    <Placemark>
      <name>Path 107-108</name>
      <description>
        <![CDATA[
        <strong>From:</strong> g3mr-samson at 2025-02-25T22:11:00Z<br/>
        <strong>To:</strong> g3mr-samson at 2025-02-25T22:21:16Z<br/>
        <strong>Family:</strong> F1C96654979<br/>
        ]]>
      </description>
      <styleUrl>#pathStyle</styleUrl>
      <LineString>
        <extrude>1</extrude>
        <tessellate>1</tessellate>
        <coordinates>
          121.525521,25.051071,0
          121.525526,25.051069,0
        </coordinates>
      </LineString>
    </Placemark>
    <Placemark>
      <name>Path 108-109</name>
      <description>
        <![CDATA[
        <strong>From:</strong> g3mr-samson at 2025-02-25T22:21:16Z<br/>
        <strong>To:</strong> g3mr-samson at 2025-02-25T22:31:36Z<br/>
        <strong>Family:</strong> F1C96654979<br/>
        ]]>
      </description>
      <styleUrl>#pathStyle</styleUrl>
      <LineString>
        <extrude>1</extrude>
        <tessellate>1</tessellate>
        <coordinates>
          121.525526,25.051069,0
          121.525546,25.051049,0
        </coordinates>
      </LineString>
    </Placemark>
    <Placemark>
      <name>Path 109-110</name>
      <description>
        <![CDATA[
        <strong>From:</strong> g3mr-samson at 2025-02-25T22:31:36Z<br/>
        <strong>To:</strong> g3mr-samson at 2025-02-25T22:41:49Z<br/>
        <strong>Family:</strong> F1C96654979<br/>
        ]]>
      </description>
      <styleUrl>#pathStyle</styleUrl>
      <LineString>
        <extrude>1</extrude>
        <tessellate>1</tessellate>
        <coordinates>
          121.525546,25.051049,0
          121.525545,25.051050,0
        </coordinates>
      </LineString>
    </Placemark>
    <Placemark>
      <name>Path 110-111</name>
      <description>
        <![CDATA[
        <strong>From:</strong> g3mr-samson at 2025-02-25T22:41:49Z<br/>
        <strong>To:</strong> g3mr-samson at 2025-02-25T22:52:04Z<br/>
        <strong>Family:</strong> F1C96654979<br/>
        ]]>
      </description>
      <styleUrl>#pathStyle</styleUrl>
      <LineString>
        <extrude>1</extrude>
        <tessellate>1</tessellate>
        <coordinates>
          121.525545,25.051050,0
          121.525541,25.051054,0
        </coordinates>
      </LineString>
    </Placemark>
    <Placemark>
      <name>g3mr-samson (Point 0)</name>
      <description>
        <![CDATA[
        <strong>Family:</strong> F1C96654979<br/>
        <strong>Device:</strong> g3mr-samson (80:6F:B0:7B:93:0E)<br/>
        <strong>Scanned At:</strong> 2025-02-25T01:07:16Z<br/>
        <strong>Longtitude:</strong> 121.601640<br/>
        <strong>Latitude:</strong> 24.033405<br/>
        <strong>GPS Accuracy:</strong> 0 meters<br/>
        <strong>Phone:</strong> Samson iOS<br/>
        ]]>
      </description>
      <styleUrl>#pointStyle</styleUrl>
      <Point>
        <coordinates>121.601640,24.033405,0</coordinates>
      </Point>
      <TimeStamp>
        <when>2025-02-25T01:07:16Z</when>
      </TimeStamp>
    </Placemark>
    <Placemark>
      <name>g3mr-samson (Point 1)</name>
      <description>
        <![CDATA[
        <strong>Family:</strong> F1C96654979<br/>
        <strong>Device:</strong> g3mr-samson (80:6F:B0:7B:93:0E)<br/>
        <strong>Scanned At:</strong> 2025-02-25T01:17:28Z<br/>
        <strong>Longtitude:</strong> 121.653013<br/>
        <strong>Latitude:</strong> 24.150968<br/>
        <strong>GPS Accuracy:</strong> 0 meters<br/>
        <strong>Phone:</strong> Samson iOS<br/>
        ]]>
      </description>
      <styleUrl>#pointStyle</styleUrl>
      <Point>
        <coordinates>121.653013,24.150968,0</coordinates>
      </Point>
      <TimeStamp>
        <when>2025-02-25T01:17:28Z</when>
      </TimeStamp>
    </Placemark>
    <Placemark>
      <name>g3mr-samson (Point 2)</name>
      <description>
        <![CDATA[
        <strong>Family:</strong> F1C96654979<br/>
        <strong>Device:</strong> g3mr-samson (80:6F:B0:7B:93:0E)<br/>
        <strong>Scanned At:</strong> 2025-02-25T01:27:48Z<br/>
        <strong>Longtitude:</strong> 121.653013<br/>
        <strong>Latitude:</strong> 24.150968<br/>
        <strong>GPS Accuracy:</strong> 0 meters<br/>
        <strong>Phone:</strong> Samson iOS<br/>
        ]]>
      </description>
      <styleUrl>#pointStyle</styleUrl>
      <Point>
        <coordinates>121.653013,24.150968,0</coordinates>
      </Point>
      <TimeStamp>
        <when>2025-02-25T01:27:48Z</when>
      </TimeStamp>
    </Placemark>
    <Placemark>
      <name>g3mr-samson (Point 3)</name>
      <description>
        <![CDATA[
        <strong>Family:</strong> F1C96654979<br/>
        <strong>Device:</strong> g3mr-samson (80:6F:B0:7B:93:0E)<br/>
        <strong>Scanned At:</strong> 2025-02-25T01:38:01Z<br/>
        <strong>Longtitude:</strong> 121.772225<br/>
        <strong>Latitude:</strong> 24.345750<br/>
        <strong>GPS Accuracy:</strong> 0 meters<br/>
        <strong>Phone:</strong> Samson iOS<br/>
        ]]>
      </description>
      <styleUrl>#pointStyle</styleUrl>
      <Point>
        <coordinates>121.772225,24.345750,0</coordinates>
      </Point>
      <TimeStamp>
        <when>2025-02-25T01:38:01Z</when>
      </TimeStamp>
    </Placemark>
    <Placemark>
      <name>g3mr-samson (Point 4)</name>
      <description>
        <![CDATA[
        <strong>Family:</strong> F1C96654979<br/>
        <strong>Device:</strong> g3mr-samson (80:6F:B0:7B:93:0E)<br/>
        <strong>Scanned At:</strong> 2025-02-25T01:48:24Z<br/>
        <strong>Longtitude:</strong> 121.780670<br/>
        <strong>Latitude:</strong> 24.439185<br/>
        <strong>GPS Accuracy:</strong> 0 meters<br/>
        <strong>Phone:</strong> Samson iOS<br/>
        ]]>
      </description>
      <styleUrl>#pointStyle</styleUrl>
      <Point>
        <coordinates>121.780670,24.439185,0</coordinates>
      </Point>
      <TimeStamp>
        <when>2025-02-25T01:48:24Z</when>
      </TimeStamp>
    </Placemark>
    <Placemark>
      <name>g3mr-samson (Point 5)</name>
      <description>
        <![CDATA[
        <strong>Family:</strong> F1C96654979<br/>
        <strong>Device:</strong> g3mr-samson (80:6F:B0:7B:93:0E)<br/>
        <strong>Scanned At:</strong> 2025-02-25T01:58:40Z<br/>
        <strong>Longtitude:</strong> 121.827561<br/>
        <strong>Latitude:</strong> 24.607763<br/>
        <strong>GPS Accuracy:</strong> 0 meters<br/>
        <strong>Phone:</strong> Samson iOS<br/>
        ]]>
      </description>
      <styleUrl>#pointStyle</styleUrl>
      <Point>
        <coordinates>121.827561,24.607763,0</coordinates>
      </Point>
      <TimeStamp>
        <when>2025-02-25T01:58:40Z</when>
      </TimeStamp>
    </Placemark>
    <Placemark>
      <name>g3mr-samson (Point 6)</name>
      <description>
        <![CDATA[
        <strong>Family:</strong> F1C96654979<br/>
        <strong>Device:</strong> g3mr-samson (80:6F:B0:7B:93:0E)<br/>
        <strong>Scanned At:</strong> 2025-02-25T02:08:44Z<br/>
        <strong>Longtitude:</strong> 121.811040<br/>
        <strong>Latitude:</strong> 24.616264<br/>
        <strong>GPS Accuracy:</strong> 0 meters<br/>
        <strong>Phone:</strong> Samson iOS<br/>
        ]]>
      </description>
      <styleUrl>#pointStyle</styleUrl>
      <Point>
        <coordinates>121.811040,24.616264,0</coordinates>
      </Point>
      <TimeStamp>
        <when>2025-02-25T02:08:44Z</when>
      </TimeStamp>
    </Placemark>
    <Placemark>
      <name>g3mr-samson (Point 7)</name>
      <description>
        <![CDATA[
        <strong>Family:</strong> F1C96654979<br/>
        <strong>Device:</strong> g3mr-samson (80:6F:B0:7B:93:0E)<br/>
        <strong>Scanned At:</strong> 2025-02-25T02:18:59Z<br/>
        <strong>Longtitude:</strong> 121.774571<br/>
        <strong>Latitude:</strong> 24.677535<br/>
        <strong>GPS Accuracy:</strong> 0 meters<br/>
        <strong>Phone:</strong> Samson iOS<br/>
        ]]>
      </description>
      <styleUrl>#pointStyle</styleUrl>
      <Point>
        <coordinates>121.774571,24.677535,0</coordinates>
      </Point>
      <TimeStamp>
        <when>2025-02-25T02:18:59Z</when>
      </TimeStamp>
    </Placemark>
    <Placemark>
      <name>g3mr-samson (Point 8)</name>
      <description>
        <![CDATA[
        <strong>Family:</strong> F1C96654979<br/>
        <strong>Device:</strong> g3mr-samson (80:6F:B0:7B:93:0E)<br/>
        <strong>Scanned At:</strong> 2025-02-25T02:29:20Z<br/>
        <strong>Longtitude:</strong> 121.758281<br/>
        <strong>Latitude:</strong> 24.754890<br/>
        <strong>GPS Accuracy:</strong> 51 meters<br/>
        <strong>Phone:</strong> Samson iOS<br/>
        ]]>
      </description>
      <styleUrl>#pointStyle</styleUrl>
      <Point>
        <coordinates>121.758281,24.754890,0</coordinates>
      </Point>
      <TimeStamp>
        <when>2025-02-25T02:29:20Z</when>
      </TimeStamp>
    </Placemark>
    <Placemark>
      <name>g3mr-samson (Point 9)</name>
      <description>
        <![CDATA[
        <strong>Family:</strong> F1C96654979<br/>
        <strong>Device:</strong> g3mr-samson (80:6F:B0:7B:93:0E)<br/>
        <strong>Scanned At:</strong> 2025-02-25T02:39:33Z<br/>
        <strong>Longtitude:</strong> 121.820036<br/>
        <strong>Latitude:</strong> 24.855041<br/>
        <strong>GPS Accuracy:</strong> 0 meters<br/>
        <strong>Phone:</strong> Samson iOS<br/>
        ]]>
      </description>
      <styleUrl>#pointStyle</styleUrl>
      <Point>
        <coordinates>121.820036,24.855041,0</coordinates>
      </Point>
      <TimeStamp>
        <when>2025-02-25T02:39:33Z</when>
      </TimeStamp>
    </Placemark>
    <Placemark>
      <name>g3mr-samson (Point 10)</name>
      <description>
        <![CDATA[
        <strong>Family:</strong> F1C96654979<br/>
        <strong>Device:</strong> g3mr-samson (80:6F:B0:7B:93:0E)<br/>
        <strong>Scanned At:</strong> 2025-02-25T02:49:48Z<br/>
        <strong>Longtitude:</strong> 121.840161<br/>
        <strong>Latitude:</strong> 24.877199<br/>
        <strong>GPS Accuracy:</strong> 71 meters<br/>
        <strong>Phone:</strong> Samson iOS<br/>
        ]]>
      </description>
      <styleUrl>#pointStyle</styleUrl>
      <Point>
        <coordinates>121.840161,24.877199,0</coordinates>
      </Point>
      <TimeStamp>
        <when>2025-02-25T02:49:48Z</when>
      </TimeStamp>
    </Placemark>
    <Placemark>
      <name>g3mr-samson (Point 11)</name>
      <description>
        <![CDATA[
        <strong>Family:</strong> F1C96654979<br/>
        <strong>Device:</strong> g3mr-samson (80:6F:B0:7B:93:0E)<br/>
        <strong>Scanned At:</strong> 2025-02-25T03:00:04Z<br/>
        <strong>Longtitude:</strong> 121.951970<br/>
        <strong>Latitude:</strong> 25.012487<br/>
        <strong>GPS Accuracy:</strong> 0 meters<br/>
        <strong>Phone:</strong> Samson iOS<br/>
        ]]>
      </description>
      <styleUrl>#pointStyle</styleUrl>
      <Point>
        <coordinates>121.951970,25.012487,0</coordinates>
      </Point>
      <TimeStamp>
        <when>2025-02-25T03:00:04Z</when>
      </TimeStamp>
    </Placemark>
    <Placemark>
      <name>g3mr-samson (Point 12)</name>
      <description>
        <![CDATA[
        <strong>Family:</strong> F1C96654979<br/>
        <strong>Device:</strong> g3mr-samson (80:6F:B0:7B:93:0E)<br/>
        <strong>Scanned At:</strong> 2025-02-25T03:10:23Z<br/>
        <strong>Longtitude:</strong> 121.852219<br/>
        <strong>Latitude:</strong> 25.058076<br/>
        <strong>GPS Accuracy:</strong> 0 meters<br/>
        <strong>Phone:</strong> Samson iOS<br/>
        ]]>
      </description>
      <styleUrl>#pointStyle</styleUrl>
      <Point>
        <coordinates>121.852219,25.058076,0</coordinates>
      </Point>
      <TimeStamp>
        <when>2025-02-25T03:10:23Z</when>
      </TimeStamp>
    </Placemark>
    <Placemark>
      <name>g3mr-samson (Point 13)</name>
      <description>
        <![CDATA[
        <strong>Family:</strong> F1C96654979<br/>
        <strong>Device:</strong> g3mr-samson (80:6F:B0:7B:93:0E)<br/>
        <strong>Scanned At:</strong> 2025-02-25T03:30:52Z<br/>
        <strong>Longtitude:</strong> 121.645425<br/>
        <strong>Latitude:</strong> 25.061717<br/>
        <strong>GPS Accuracy:</strong> 0 meters<br/>
        <strong>Phone:</strong> Samson iOS<br/>
        ]]>
      </description>
      <styleUrl>#pointStyle</styleUrl>
      <Point>
        <coordinates>121.645425,25.061717,0</coordinates>
      </Point>
      <TimeStamp>
        <when>2025-02-25T03:30:52Z</when>
      </TimeStamp>
    </Placemark>
    <Placemark>
      <name>g3mr-samson (Point 14)</name>
      <description>
        <![CDATA[
        <strong>Family:</strong> F1C96654979<br/>
        <strong>Device:</strong> g3mr-samson (80:6F:B0:7B:93:0E)<br/>
        <strong>Scanned At:</strong> 2025-02-25T03:41:06Z<br/>
        <strong>Longtitude:</strong> 121.578880<br/>
        <strong>Latitude:</strong> 25.049244<br/>
        <strong>GPS Accuracy:</strong> 0 meters<br/>
        <strong>Phone:</strong> Samson iOS<br/>
        ]]>
      </description>
      <styleUrl>#pointStyle</styleUrl>
      <Point>
        <coordinates>121.578880,25.049244,0</coordinates>
      </Point>
      <TimeStamp>
        <when>2025-02-25T03:41:06Z</when>
      </TimeStamp>
    </Placemark>
    <Placemark>
      <name>g3mr-samson (Point 15)</name>
      <description>
        <![CDATA[
        <strong>Family:</strong> F1C96654979<br/>
        <strong>Device:</strong> g3mr-samson (80:6F:B0:7B:93:0E)<br/>
        <strong>Scanned At:</strong> 2025-02-25T03:51:34Z<br/>
        <strong>Longtitude:</strong> 121.518346<br/>
        <strong>Latitude:</strong> 25.047694<br/>
        <strong>GPS Accuracy:</strong> 0 meters<br/>
        <strong>Phone:</strong> Shinru iphone<br/>
        ]]>
      </description>
      <styleUrl>#pointStyle</styleUrl>
      <Point>
        <coordinates>121.518346,25.047694,0</coordinates>
      </Point>
      <TimeStamp>
        <when>2025-02-25T03:51:34Z</when>
      </TimeStamp>
    </Placemark>
    <Placemark>
      <name>g3mr-samson (Point 16)</name>
      <description>
        <![CDATA[
        <strong>Family:</strong> F1C96654979<br/>
        <strong>Device:</strong> g3mr-samson (80:6F:B0:7B:93:0E)<br/>
        <strong>Scanned At:</strong> 2025-02-25T04:01:46Z<br/>
        <strong>Longtitude:</strong> 121.517025<br/>
        <strong>Latitude:</strong> 25.046000<br/>
        <strong>GPS Accuracy:</strong> 0 meters<br/>
        <strong>Phone:</strong> Shinru iphone<br/>
        ]]>
      </description>
      <styleUrl>#pointStyle</styleUrl>
      <Point>
        <coordinates>121.517025,25.046000,0</coordinates>
      </Point>
      <TimeStamp>
        <when>2025-02-25T04:01:46Z</when>
      </TimeStamp>
    </Placemark>
    <Placemark>
      <name>g3mr-samson (Point 17)</name>
      <description>
        <![CDATA[
        <strong>Family:</strong> F1C96654979<br/>
        <strong>Device:</strong> g3mr-samson (80:6F:B0:7B:93:0E)<br/>
        <strong>Scanned At:</strong> 2025-02-25T04:01:48Z<br/>
        <strong>Longtitude:</strong> 121.516871<br/>
        <strong>Latitude:</strong> 25.046188<br/>
        <strong>GPS Accuracy:</strong> 0 meters<br/>
        <strong>Phone:</strong> Samson iOS<br/>
        ]]>
      </description>
      <styleUrl>#pointStyle</styleUrl>
      <Point>
        <coordinates>121.516871,25.046188,0</coordinates>
      </Point>
      <TimeStamp>
        <when>2025-02-25T04:01:48Z</when>
      </TimeStamp>
    </Placemark>
    <Placemark>
      <name>g3mr-samson (Point 18)</name>
      <description>
        <![CDATA[
        <strong>Family:</strong> F1C96654979<br/>
        <strong>Device:</strong> g3mr-samson (80:6F:B0:7B:93:0E)<br/>
        <strong>Scanned At:</strong> 2025-02-25T04:12:11Z<br/>
        <strong>Longtitude:</strong> 121.516986<br/>
        <strong>Latitude:</strong> 25.046091<br/>
        <strong>GPS Accuracy:</strong> 0 meters<br/>
        <strong>Phone:</strong> Shinru iphone<br/>
        ]]>
      </description>
      <styleUrl>#pointStyle</styleUrl>
      <Point>
        <coordinates>121.516986,25.046091,0</coordinates>
      </Point>
      <TimeStamp>
        <when>2025-02-25T04:12:11Z</when>
      </TimeStamp>
    </Placemark>
    <Placemark>
      <name>g3mr-samson (Point 19)</name>
      <description>
        <![CDATA[
        <strong>Family:</strong> F1C96654979<br/>
        <strong>Device:</strong> g3mr-samson (80:6F:B0:7B:93:0E)<br/>
        <strong>Scanned At:</strong> 2025-02-25T04:12:13Z<br/>
        <strong>Longtitude:</strong> 121.516967<br/>
        <strong>Latitude:</strong> 25.046094<br/>
        <strong>GPS Accuracy:</strong> 0 meters<br/>
        <strong>Phone:</strong> Samson iOS<br/>
        ]]>
      </description>
      <styleUrl>#pointStyle</styleUrl>
      <Point>
        <coordinates>121.516967,25.046094,0</coordinates>
      </Point>
      <TimeStamp>
        <when>2025-02-25T04:12:13Z</when>
      </TimeStamp>
    </Placemark>
    <Placemark>
      <name>g3mr-samson (Point 20)</name>
      <description>
        <![CDATA[
        <strong>Family:</strong> F1C96654979<br/>
        <strong>Device:</strong> g3mr-samson (80:6F:B0:7B:93:0E)<br/>
        <strong>Scanned At:</strong> 2025-02-25T04:22:26Z<br/>
        <strong>Longtitude:</strong> 121.516992<br/>
        <strong>Latitude:</strong> 25.046063<br/>
        <strong>GPS Accuracy:</strong> 0 meters<br/>
        <strong>Phone:</strong> Shinru iphone<br/>
        ]]>
      </description>
      <styleUrl>#pointStyle</styleUrl>
      <Point>
        <coordinates>121.516992,25.046063,0</coordinates>
      </Point>
      <TimeStamp>
        <when>2025-02-25T04:22:26Z</when>
      </TimeStamp>
    </Placemark>
    <Placemark>
      <name>g3mr-samson (Point 21)</name>
      <description>
        <![CDATA[
        <strong>Family:</strong> F1C96654979<br/>
        <strong>Device:</strong> g3mr-samson (80:6F:B0:7B:93:0E)<br/>
        <strong>Scanned At:</strong> 2025-02-25T04:22:27Z<br/>
        <strong>Longtitude:</strong> 121.516921<br/>
        <strong>Latitude:</strong> 25.046125<br/>
        <strong>GPS Accuracy:</strong> 0 meters<br/>
        <strong>Phone:</strong> Samson iOS<br/>
        ]]>
      </description>
      <styleUrl>#pointStyle</styleUrl>
      <Point>
        <coordinates>121.516921,25.046125,0</coordinates>
      </Point>
      <TimeStamp>
        <when>2025-02-25T04:22:27Z</when>
      </TimeStamp>
    </Placemark>
    <Placemark>
      <name>g3mr-samson (Point 22)</name>
      <description>
        <![CDATA[
        <strong>Family:</strong> F1C96654979<br/>
        <strong>Device:</strong> g3mr-samson (80:6F:B0:7B:93:0E)<br/>
        <strong>Scanned At:</strong> 2025-02-25T04:32:37Z<br/>
        <strong>Longtitude:</strong> 121.516991<br/>
        <strong>Latitude:</strong> 25.046059<br/>
        <strong>GPS Accuracy:</strong> 0 meters<br/>
        <strong>Phone:</strong> Shinru iphone<br/>
        ]]>
      </description>
      <styleUrl>#pointStyle</styleUrl>
      <Point>
        <coordinates>121.516991,25.046059,0</coordinates>
      </Point>
      <TimeStamp>
        <when>2025-02-25T04:32:37Z</when>
      </TimeStamp>
    </Placemark>
    <Placemark>
      <name>g3mr-samson (Point 23)</name>
      <description>
        <![CDATA[
        <strong>Family:</strong> F1C96654979<br/>
        <strong>Device:</strong> g3mr-samson (80:6F:B0:7B:93:0E)<br/>
        <strong>Scanned At:</strong> 2025-02-25T04:53:22Z<br/>
        <strong>Longtitude:</strong> 121.516971<br/>
        <strong>Latitude:</strong> 25.046078<br/>
        <strong>GPS Accuracy:</strong> 0 meters<br/>
        <strong>Phone:</strong> Shinru iphone<br/>
        ]]>
      </description>
      <styleUrl>#pointStyle</styleUrl>
      <Point>
        <coordinates>121.516971,25.046078,0</coordinates>
      </Point>
      <TimeStamp>
        <when>2025-02-25T04:53:22Z</when>
      </TimeStamp>
    </Placemark>
    <Placemark>
      <name>g3mr-samson (Point 24)</name>
      <description>
        <![CDATA[
        <strong>Family:</strong> F1C96654979<br/>
        <strong>Device:</strong> g3mr-samson (80:6F:B0:7B:93:0E)<br/>
        <strong>Scanned At:</strong> 2025-02-25T05:03:25Z<br/>
        <strong>Longtitude:</strong> 121.516974<br/>
        <strong>Latitude:</strong> 25.046081<br/>
        <strong>GPS Accuracy:</strong> 0 meters<br/>
        <strong>Phone:</strong> Samson iOS<br/>
        ]]>
      </description>
      <styleUrl>#pointStyle</styleUrl>
      <Point>
        <coordinates>121.516974,25.046081,0</coordinates>
      </Point>
      <TimeStamp>
        <when>2025-02-25T05:03:25Z</when>
      </TimeStamp>
    </Placemark>
    <Placemark>
      <name>g3mr-samson (Point 25)</name>
      <description>
        <![CDATA[
        <strong>Family:</strong> F1C96654979<br/>
        <strong>Device:</strong> g3mr-samson (80:6F:B0:7B:93:0E)<br/>
        <strong>Scanned At:</strong> 2025-02-25T05:13:42Z<br/>
        <strong>Longtitude:</strong> 121.517001<br/>
        <strong>Latitude:</strong> 25.046028<br/>
        <strong>GPS Accuracy:</strong> 0 meters<br/>
        <strong>Phone:</strong> Samson iOS<br/>
        ]]>
      </description>
      <styleUrl>#pointStyle</styleUrl>
      <Point>
        <coordinates>121.517001,25.046028,0</coordinates>
      </Point>
      <TimeStamp>
        <when>2025-02-25T05:13:42Z</when>
      </TimeStamp>
    </Placemark>
    <Placemark>
      <name>g3mr-samson (Point 26)</name>
      <description>
        <![CDATA[
        <strong>Family:</strong> F1C96654979<br/>
        <strong>Device:</strong> g3mr-samson (80:6F:B0:7B:93:0E)<br/>
        <strong>Scanned At:</strong> 2025-02-25T05:13:45Z<br/>
        <strong>Longtitude:</strong> 121.517013<br/>
        <strong>Latitude:</strong> 25.046012<br/>
        <strong>GPS Accuracy:</strong> 0 meters<br/>
        <strong>Phone:</strong> Shinru iphone<br/>
        ]]>
      </description>
      <styleUrl>#pointStyle</styleUrl>
      <Point>
        <coordinates>121.517013,25.046012,0</coordinates>
      </Point>
      <TimeStamp>
        <when>2025-02-25T05:13:45Z</when>
      </TimeStamp>
    </Placemark>
    <Placemark>
      <name>g3mr-samson (Point 27)</name>
      <description>
        <![CDATA[
        <strong>Family:</strong> F1C96654979<br/>
        <strong>Device:</strong> g3mr-samson (80:6F:B0:7B:93:0E)<br/>
        <strong>Scanned At:</strong> 2025-02-25T05:24:00Z<br/>
        <strong>Longtitude:</strong> 121.517030<br/>
        <strong>Latitude:</strong> 25.045965<br/>
        <strong>GPS Accuracy:</strong> 0 meters<br/>
        <strong>Phone:</strong> Samson iOS<br/>
        ]]>
      </description>
      <styleUrl>#pointStyle</styleUrl>
      <Point>
        <coordinates>121.517030,25.045965,0</coordinates>
      </Point>
      <TimeStamp>
        <when>2025-02-25T05:24:00Z</when>
      </TimeStamp>
    </Placemark>
    <Placemark>
      <name>g3mr-samson (Point 28)</name>
      <description>
        <![CDATA[
        <strong>Family:</strong> F1C96654979<br/>
        <strong>Device:</strong> g3mr-samson (80:6F:B0:7B:93:0E)<br/>
        <strong>Scanned At:</strong> 2025-02-25T05:24:04Z<br/>
        <strong>Longtitude:</strong> 121.516980<br/>
        <strong>Latitude:</strong> 25.046050<br/>
        <strong>GPS Accuracy:</strong> 0 meters<br/>
        <strong>Phone:</strong> Shinru iphone<br/>
        ]]>
      </description>
      <styleUrl>#pointStyle</styleUrl>
      <Point>
        <coordinates>121.516980,25.046050,0</coordinates>
      </Point>
      <TimeStamp>
        <when>2025-02-25T05:24:04Z</when>
      </TimeStamp>
    </Placemark>
    <Placemark>
      <name>g3mr-samson (Point 29)</name>
      <description>
        <![CDATA[
        <strong>Family:</strong> F1C96654979<br/>
        <strong>Device:</strong> g3mr-samson (80:6F:B0:7B:93:0E)<br/>
        <strong>Scanned At:</strong> 2025-02-25T05:34:18Z<br/>
        <strong>Longtitude:</strong> 121.516972<br/>
        <strong>Latitude:</strong> 25.046076<br/>
        <strong>GPS Accuracy:</strong> 0 meters<br/>
        <strong>Phone:</strong> Shinru iphone<br/>
        ]]>
      </description>
      <styleUrl>#pointStyle</styleUrl>
      <Point>
        <coordinates>121.516972,25.046076,0</coordinates>
      </Point>
      <TimeStamp>
        <when>2025-02-25T05:34:18Z</when>
      </TimeStamp>
    </Placemark>
    <Placemark>
      <name>g3mr-samson (Point 30)</name>
      <description>
        <![CDATA[
        <strong>Family:</strong> F1C96654979<br/>
        <strong>Device:</strong> g3mr-samson (80:6F:B0:7B:93:0E)<br/>
        <strong>Scanned At:</strong> 2025-02-25T05:44:28Z<br/>
        <strong>Longtitude:</strong> 121.516970<br/>
        <strong>Latitude:</strong> 25.046065<br/>
        <strong>GPS Accuracy:</strong> 0 meters<br/>
        <strong>Phone:</strong> Shinru iphone<br/>
        ]]>
      </description>
      <styleUrl>#pointStyle</styleUrl>
      <Point>
        <coordinates>121.516970,25.046065,0</coordinates>
      </Point>
      <TimeStamp>
        <when>2025-02-25T05:44:28Z</when>
      </TimeStamp>
    </Placemark>
    <Placemark>
      <name>g3mr-samson (Point 31)</name>
      <description>
        <![CDATA[
        <strong>Family:</strong> F1C96654979<br/>
        <strong>Device:</strong> g3mr-samson (80:6F:B0:7B:93:0E)<br/>
        <strong>Scanned At:</strong> 2025-02-25T05:44:33Z<br/>
        <strong>Longtitude:</strong> 121.517075<br/>
        <strong>Latitude:</strong> 25.045810<br/>
        <strong>GPS Accuracy:</strong> 0 meters<br/>
        <strong>Phone:</strong> Samson iOS<br/>
        ]]>
      </description>
      <styleUrl>#pointStyle</styleUrl>
      <Point>
        <coordinates>121.517075,25.045810,0</coordinates>
      </Point>
      <TimeStamp>
        <when>2025-02-25T05:44:33Z</when>
      </TimeStamp>
    </Placemark>
    <Placemark>
      <name>g3mr-samson (Point 32)</name>
      <description>
        <![CDATA[
        <strong>Family:</strong> F1C96654979<br/>
        <strong>Device:</strong> g3mr-samson (80:6F:B0:7B:93:0E)<br/>
        <strong>Scanned At:</strong> 2025-02-25T05:54:50Z<br/>
        <strong>Longtitude:</strong> 121.517090<br/>
        <strong>Latitude:</strong> 25.045793<br/>
        <strong>GPS Accuracy:</strong> 0 meters<br/>
        <strong>Phone:</strong> Samson iOS<br/>
        ]]>
      </description>
      <styleUrl>#pointStyle</styleUrl>
      <Point>
        <coordinates>121.517090,25.045793,0</coordinates>
      </Point>
      <TimeStamp>
        <when>2025-02-25T05:54:50Z</when>
      </TimeStamp>
    </Placemark>
    <Placemark>
      <name>g3mr-samson (Point 33)</name>
      <description>
        <![CDATA[
        <strong>Family:</strong> F1C96654979<br/>
        <strong>Device:</strong> g3mr-samson (80:6F:B0:7B:93:0E)<br/>
        <strong>Scanned At:</strong> 2025-02-25T06:05:00Z<br/>
        <strong>Longtitude:</strong> 121.517075<br/>
        <strong>Latitude:</strong> 25.045822<br/>
        <strong>GPS Accuracy:</strong> 0 meters<br/>
        <strong>Phone:</strong> Samson iOS<br/>
        ]]>
      </description>
      <styleUrl>#pointStyle</styleUrl>
      <Point>
        <coordinates>121.517075,25.045822,0</coordinates>
      </Point>
      <TimeStamp>
        <when>2025-02-25T06:05:00Z</when>
      </TimeStamp>
    </Placemark>
    <Placemark>
      <name>g3mr-samson (Point 34)</name>
      <description>
        <![CDATA[
        <strong>Family:</strong> F1C96654979<br/>
        <strong>Device:</strong> g3mr-samson (80:6F:B0:7B:93:0E)<br/>
        <strong>Scanned At:</strong> 2025-02-25T06:05:00Z<br/>
        <strong>Longtitude:</strong> 121.517018<br/>
        <strong>Latitude:</strong> 25.046017<br/>
        <strong>GPS Accuracy:</strong> 0 meters<br/>
        <strong>Phone:</strong> Shinru iphone<br/>
        ]]>
      </description>
      <styleUrl>#pointStyle</styleUrl>
      <Point>
        <coordinates>121.517018,25.046017,0</coordinates>
      </Point>
      <TimeStamp>
        <when>2025-02-25T06:05:00Z</when>
      </TimeStamp>
    </Placemark>
    <Placemark>
      <name>g3mr-samson (Point 35)</name>
      <description>
        <![CDATA[
        <strong>Family:</strong> F1C96654979<br/>
        <strong>Device:</strong> g3mr-samson (80:6F:B0:7B:93:0E)<br/>
        <strong>Scanned At:</strong> 2025-02-25T06:15:24Z<br/>
        <strong>Longtitude:</strong> 121.517092<br/>
        <strong>Latitude:</strong> 25.045819<br/>
        <strong>GPS Accuracy:</strong> 0 meters<br/>
        <strong>Phone:</strong> Samson iOS<br/>
        ]]>
      </description>
      <styleUrl>#pointStyle</styleUrl>
      <Point>
        <coordinates>121.517092,25.045819,0</coordinates>
      </Point>
      <TimeStamp>
        <when>2025-02-25T06:15:24Z</when>
      </TimeStamp>
    </Placemark>
    <Placemark>
      <name>g3mr-samson (Point 36)</name>
      <description>
        <![CDATA[
        <strong>Family:</strong> F1C96654979<br/>
        <strong>Device:</strong> g3mr-samson (80:6F:B0:7B:93:0E)<br/>
        <strong>Scanned At:</strong> 2025-02-25T06:25:32Z<br/>
        <strong>Longtitude:</strong> 121.517041<br/>
        <strong>Latitude:</strong> 25.045989<br/>
        <strong>GPS Accuracy:</strong> 0 meters<br/>
        <strong>Phone:</strong> Shinru iphone<br/>
        ]]>
      </description>
      <styleUrl>#pointStyle</styleUrl>
      <Point>
        <coordinates>121.517041,25.045989,0</coordinates>
      </Point>
      <TimeStamp>
        <when>2025-02-25T06:25:32Z</when>
      </TimeStamp>
    </Placemark>
    <Placemark>
      <name>g3mr-samson (Point 37)</name>
      <description>
        <![CDATA[
        <strong>Family:</strong> F1C96654979<br/>
        <strong>Device:</strong> g3mr-samson (80:6F:B0:7B:93:0E)<br/>
        <strong>Scanned At:</strong> 2025-02-25T06:25:34Z<br/>
        <strong>Longtitude:</strong> 121.517084<br/>
        <strong>Latitude:</strong> 25.045861<br/>
        <strong>GPS Accuracy:</strong> 0 meters<br/>
        <strong>Phone:</strong> Samson iOS<br/>
        ]]>
      </description>
      <styleUrl>#pointStyle</styleUrl>
      <Point>
        <coordinates>121.517084,25.045861,0</coordinates>
      </Point>
      <TimeStamp>
        <when>2025-02-25T06:25:34Z</when>
      </TimeStamp>
    </Placemark>
    <Placemark>
      <name>g3mr-samson (Point 38)</name>
      <description>
        <![CDATA[
        <strong>Family:</strong> F1C96654979<br/>
        <strong>Device:</strong> g3mr-samson (80:6F:B0:7B:93:0E)<br/>
        <strong>Scanned At:</strong> 2025-02-25T06:35:50Z<br/>
        <strong>Longtitude:</strong> 121.517019<br/>
        <strong>Latitude:</strong> 25.045934<br/>
        <strong>GPS Accuracy:</strong> 0 meters<br/>
        <strong>Phone:</strong> Samson iOS<br/>
        ]]>
      </description>
      <styleUrl>#pointStyle</styleUrl>
      <Point>
        <coordinates>121.517019,25.045934,0</coordinates>
      </Point>
      <TimeStamp>
        <when>2025-02-25T06:35:50Z</when>
      </TimeStamp>
    </Placemark>
    <Placemark>
      <name>g3mr-samson (Point 39)</name>
      <description>
        <![CDATA[
        <strong>Family:</strong> F1C96654979<br/>
        <strong>Device:</strong> g3mr-samson (80:6F:B0:7B:93:0E)<br/>
        <strong>Scanned At:</strong> 2025-02-25T06:56:28Z<br/>
        <strong>Longtitude:</strong> 121.517078<br/>
        <strong>Latitude:</strong> 25.045954<br/>
        <strong>GPS Accuracy:</strong> 0 meters<br/>
        <strong>Phone:</strong> Samson iOS<br/>
        ]]>
      </description>
      <styleUrl>#pointStyle</styleUrl>
      <Point>
        <coordinates>121.517078,25.045954,0</coordinates>
      </Point>
      <TimeStamp>
        <when>2025-02-25T06:56:28Z</when>
      </TimeStamp>
    </Placemark>
    <Placemark>
      <name>g3mr-samson (Point 40)</name>
      <description>
        <![CDATA[
        <strong>Family:</strong> F1C96654979<br/>
        <strong>Device:</strong> g3mr-samson (80:6F:B0:7B:93:0E)<br/>
        <strong>Scanned At:</strong> 2025-02-25T07:06:43Z<br/>
        <strong>Longtitude:</strong> 121.517098<br/>
        <strong>Latitude:</strong> 25.045777<br/>
        <strong>GPS Accuracy:</strong> 36 meters<br/>
        <strong>Phone:</strong> Samson iOS<br/>
        ]]>
      </description>
      <styleUrl>#pointStyle</styleUrl>
      <Point>
        <coordinates>121.517098,25.045777,0</coordinates>
      </Point>
      <TimeStamp>
        <when>2025-02-25T07:06:43Z</when>
      </TimeStamp>
    </Placemark>
    <Placemark>
      <name>g3mr-samson (Point 41)</name>
      <description>
        <![CDATA[
        <strong>Family:</strong> F1C96654979<br/>
        <strong>Device:</strong> g3mr-samson (80:6F:B0:7B:93:0E)<br/>
        <strong>Scanned At:</strong> 2025-02-25T07:16:55Z<br/>
        <strong>Longtitude:</strong> 121.516954<br/>
        <strong>Latitude:</strong> 25.046149<br/>
        <strong>GPS Accuracy:</strong> 0 meters<br/>
        <strong>Phone:</strong> Samson iOS<br/>
        ]]>
      </description>
      <styleUrl>#pointStyle</styleUrl>
      <Point>
        <coordinates>121.516954,25.046149,0</coordinates>
      </Point>
      <TimeStamp>
        <when>2025-02-25T07:16:55Z</when>
      </TimeStamp>
    </Placemark>
    <Placemark>
      <name>g3mr-samson (Point 42)</name>
      <description>
        <![CDATA[
        <strong>Family:</strong> F1C96654979<br/>
        <strong>Device:</strong> g3mr-samson (80:6F:B0:7B:93:0E)<br/>
        <strong>Scanned At:</strong> 2025-02-25T07:27:20Z<br/>
        <strong>Longtitude:</strong> 121.516955<br/>
        <strong>Latitude:</strong> 25.046087<br/>
        <strong>GPS Accuracy:</strong> 0 meters<br/>
        <strong>Phone:</strong> Samson iOS<br/>
        ]]>
      </description>
      <styleUrl>#pointStyle</styleUrl>
      <Point>
        <coordinates>121.516955,25.046087,0</coordinates>
      </Point>
      <TimeStamp>
        <when>2025-02-25T07:27:20Z</when>
      </TimeStamp>
    </Placemark>
    <Placemark>
      <name>g3mr-samson (Point 43)</name>
      <description>
        <![CDATA[
        <strong>Family:</strong> F1C96654979<br/>
        <strong>Device:</strong> g3mr-samson (80:6F:B0:7B:93:0E)<br/>
        <strong>Scanned At:</strong> 2025-02-25T07:47:59Z<br/>
        <strong>Longtitude:</strong> 121.517989<br/>
        <strong>Latitude:</strong> 25.049355<br/>
        <strong>GPS Accuracy:</strong> 0 meters<br/>
        <strong>Phone:</strong> Samson iOS<br/>
        ]]>
      </description>
      <styleUrl>#pointStyle</styleUrl>
      <Point>
        <coordinates>121.517989,25.049355,0</coordinates>
      </Point>
      <TimeStamp>
        <when>2025-02-25T07:47:59Z</when>
      </TimeStamp>
    </Placemark>
    <Placemark>
      <name>g3mr-samson (Point 44)</name>
      <description>
        <![CDATA[
        <strong>Family:</strong> F1C96654979<br/>
        <strong>Device:</strong> g3mr-samson (80:6F:B0:7B:93:0E)<br/>
        <strong>Scanned At:</strong> 2025-02-25T07:58:11Z<br/>
        <strong>Longtitude:</strong> 121.518639<br/>
        <strong>Latitude:</strong> 25.048759<br/>
        <strong>GPS Accuracy:</strong> 0 meters<br/>
        <strong>Phone:</strong> Samson iOS<br/>
        ]]>
      </description>
      <styleUrl>#pointStyle</styleUrl>
      <Point>
        <coordinates>121.518639,25.048759,0</coordinates>
      </Point>
      <TimeStamp>
        <when>2025-02-25T07:58:11Z</when>
      </TimeStamp>
    </Placemark>
    <Placemark>
      <name>g3mr-samson (Point 45)</name>
      <description>
        <![CDATA[
        <strong>Family:</strong> F1C96654979<br/>
        <strong>Device:</strong> g3mr-samson (80:6F:B0:7B:93:0E)<br/>
        <strong>Scanned At:</strong> 2025-02-25T08:08:22Z<br/>
        <strong>Longtitude:</strong> 121.522585<br/>
        <strong>Latitude:</strong> 25.049715<br/>
        <strong>GPS Accuracy:</strong> 0 meters<br/>
        <strong>Phone:</strong> Samson iOS<br/>
        ]]>
      </description>
      <styleUrl>#pointStyle</styleUrl>
      <Point>
        <coordinates>121.522585,25.049715,0</coordinates>
      </Point>
      <TimeStamp>
        <when>2025-02-25T08:08:22Z</when>
      </TimeStamp>
    </Placemark>
    <Placemark>
      <name>g3mr-samson (Point 46)</name>
      <description>
        <![CDATA[
        <strong>Family:</strong> F1C96654979<br/>
        <strong>Device:</strong> g3mr-samson (80:6F:B0:7B:93:0E)<br/>
        <strong>Scanned At:</strong> 2025-02-25T08:29:01Z<br/>
        <strong>Longtitude:</strong> 121.523433<br/>
        <strong>Latitude:</strong> 25.049423<br/>
        <strong>GPS Accuracy:</strong> 0 meters<br/>
        <strong>Phone:</strong> Samson iOS<br/>
        ]]>
      </description>
      <styleUrl>#pointStyle</styleUrl>
      <Point>
        <coordinates>121.523433,25.049423,0</coordinates>
      </Point>
      <TimeStamp>
        <when>2025-02-25T08:29:01Z</when>
      </TimeStamp>
    </Placemark>
    <Placemark>
      <name>g3mr-samson (Point 47)</name>
      <description>
        <![CDATA[
        <strong>Family:</strong> F1C96654979<br/>
        <strong>Device:</strong> g3mr-samson (80:6F:B0:7B:93:0E)<br/>
        <strong>Scanned At:</strong> 2025-02-25T08:59:54Z<br/>
        <strong>Longtitude:</strong> 121.523466<br/>
        <strong>Latitude:</strong> 25.049421<br/>
        <strong>GPS Accuracy:</strong> 0 meters<br/>
        <strong>Phone:</strong> Samson iOS<br/>
        ]]>
      </description>
      <styleUrl>#pointStyle</styleUrl>
      <Point>
        <coordinates>121.523466,25.049421,0</coordinates>
      </Point>
      <TimeStamp>
        <when>2025-02-25T08:59:54Z</when>
      </TimeStamp>
    </Placemark>
    <Placemark>
      <name>g3mr-samson (Point 48)</name>
      <description>
        <![CDATA[
        <strong>Family:</strong> F1C96654979<br/>
        <strong>Device:</strong> g3mr-samson (80:6F:B0:7B:93:0E)<br/>
        <strong>Scanned At:</strong> 2025-02-25T09:09:58Z<br/>
        <strong>Longtitude:</strong> 121.525493<br/>
        <strong>Latitude:</strong> 25.050222<br/>
        <strong>GPS Accuracy:</strong> 0 meters<br/>
        <strong>Phone:</strong> Samson iOS<br/>
        ]]>
      </description>
      <styleUrl>#pointStyle</styleUrl>
      <Point>
        <coordinates>121.525493,25.050222,0</coordinates>
      </Point>
      <TimeStamp>
        <when>2025-02-25T09:09:58Z</when>
      </TimeStamp>
    </Placemark>
    <Placemark>
      <name>g3mr-samson (Point 49)</name>
      <description>
        <![CDATA[
        <strong>Family:</strong> F1C96654979<br/>
        <strong>Device:</strong> g3mr-samson (80:6F:B0:7B:93:0E)<br/>
        <strong>Scanned At:</strong> 2025-02-25T09:30:30Z<br/>
        <strong>Longtitude:</strong> 121.525470<br/>
        <strong>Latitude:</strong> 25.051071<br/>
        <strong>GPS Accuracy:</strong> 0 meters<br/>
        <strong>Phone:</strong> Samson iOS<br/>
        ]]>
      </description>
      <styleUrl>#pointStyle</styleUrl>
      <Point>
        <coordinates>121.525470,25.051071,0</coordinates>
      </Point>
      <TimeStamp>
        <when>2025-02-25T09:30:30Z</when>
      </TimeStamp>
    </Placemark>
    <Placemark>
      <name>g3mr-samson (Point 50)</name>
      <description>
        <![CDATA[
        <strong>Family:</strong> F1C96654979<br/>
        <strong>Device:</strong> g3mr-samson (80:6F:B0:7B:93:0E)<br/>
        <strong>Scanned At:</strong> 2025-02-25T09:40:54Z<br/>
        <strong>Longtitude:</strong> 121.525511<br/>
        <strong>Latitude:</strong> 25.051067<br/>
        <strong>GPS Accuracy:</strong> 0 meters<br/>
        <strong>Phone:</strong> Samson iOS<br/>
        ]]>
      </description>
      <styleUrl>#pointStyle</styleUrl>
      <Point>
        <coordinates>121.525511,25.051067,0</coordinates>
      </Point>
      <TimeStamp>
        <when>2025-02-25T09:40:54Z</when>
      </TimeStamp>
    </Placemark>
    <Placemark>
      <name>g3mr-samson (Point 51)</name>
      <description>
        <![CDATA[
        <strong>Family:</strong> F1C96654979<br/>
        <strong>Device:</strong> g3mr-samson (80:6F:B0:7B:93:0E)<br/>
        <strong>Scanned At:</strong> 2025-02-25T09:51:06Z<br/>
        <strong>Longtitude:</strong> 121.525519<br/>
        <strong>Latitude:</strong> 25.051080<br/>
        <strong>GPS Accuracy:</strong> 0 meters<br/>
        <strong>Phone:</strong> Samson iOS<br/>
        ]]>
      </description>
      <styleUrl>#pointStyle</styleUrl>
      <Point>
        <coordinates>121.525519,25.051080,0</coordinates>
      </Point>
      <TimeStamp>
        <when>2025-02-25T09:51:06Z</when>
      </TimeStamp>
    </Placemark>
    <Placemark>
      <name>g3mr-samson (Point 52)</name>
      <description>
        <![CDATA[
        <strong>Family:</strong> F1C96654979<br/>
        <strong>Device:</strong> g3mr-samson (80:6F:B0:7B:93:0E)<br/>
        <strong>Scanned At:</strong> 2025-02-25T10:01:22Z<br/>
        <strong>Longtitude:</strong> 121.525554<br/>
        <strong>Latitude:</strong> 25.051025<br/>
        <strong>GPS Accuracy:</strong> 0 meters<br/>
        <strong>Phone:</strong> Samson iOS<br/>
        ]]>
      </description>
      <styleUrl>#pointStyle</styleUrl>
      <Point>
        <coordinates>121.525554,25.051025,0</coordinates>
      </Point>
      <TimeStamp>
        <when>2025-02-25T10:01:22Z</when>
      </TimeStamp>
    </Placemark>
    <Placemark>
      <name>g3mr-samson (Point 53)</name>
      <description>
        <![CDATA[
        <strong>Family:</strong> F1C96654979<br/>
        <strong>Device:</strong> g3mr-samson (80:6F:B0:7B:93:0E)<br/>
        <strong>Scanned At:</strong> 2025-02-25T10:11:39Z<br/>
        <strong>Longtitude:</strong> 121.524944<br/>
        <strong>Latitude:</strong> 25.050396<br/>
        <strong>GPS Accuracy:</strong> 0 meters<br/>
        <strong>Phone:</strong> Samson iOS<br/>
        ]]>
      </description>
      <styleUrl>#pointStyle</styleUrl>
      <Point>
        <coordinates>121.524944,25.050396,0</coordinates>
      </Point>
      <TimeStamp>
        <when>2025-02-25T10:11:39Z</when>
      </TimeStamp>
    </Placemark>
    <Placemark>
      <name>g3mr-samson (Point 54)</name>
      <description>
        <![CDATA[
        <strong>Family:</strong> F1C96654979<br/>
        <strong>Device:</strong> g3mr-samson (80:6F:B0:7B:93:0E)<br/>
        <strong>Scanned At:</strong> 2025-02-25T10:32:05Z<br/>
        <strong>Longtitude:</strong> 121.517899<br/>
        <strong>Latitude:</strong> 25.048110<br/>
        <strong>GPS Accuracy:</strong> 0 meters<br/>
        <strong>Phone:</strong> Samson iOS<br/>
        ]]>
      </description>
      <styleUrl>#pointStyle</styleUrl>
      <Point>
        <coordinates>121.517899,25.048110,0</coordinates>
      </Point>
      <TimeStamp>
        <when>2025-02-25T10:32:05Z</when>
      </TimeStamp>
    </Placemark>
    <Placemark>
      <name>g3mr-samson (Point 55)</name>
      <description>
        <![CDATA[
        <strong>Family:</strong> F1C96654979<br/>
        <strong>Device:</strong> g3mr-samson (80:6F:B0:7B:93:0E)<br/>
        <strong>Scanned At:</strong> 2025-02-25T10:42:36Z<br/>
        <strong>Longtitude:</strong> 121.517457<br/>
        <strong>Latitude:</strong> 25.048302<br/>
        <strong>GPS Accuracy:</strong> 0 meters<br/>
        <strong>Phone:</strong> Samson iOS<br/>
        ]]>
      </description>
      <styleUrl>#pointStyle</styleUrl>
      <Point>
        <coordinates>121.517457,25.048302,0</coordinates>
      </Point>
      <TimeStamp>
        <when>2025-02-25T10:42:36Z</when>
      </TimeStamp>
    </Placemark>
    <Placemark>
      <name>g3mr-samson (Point 56)</name>
      <description>
        <![CDATA[
        <strong>Family:</strong> F1C96654979<br/>
        <strong>Device:</strong> g3mr-samson (80:6F:B0:7B:93:0E)<br/>
        <strong>Scanned At:</strong> 2025-02-25T11:44:17Z<br/>
        <strong>Longtitude:</strong> 121.519343<br/>
        <strong>Latitude:</strong> 25.049162<br/>
        <strong>GPS Accuracy:</strong> 0 meters<br/>
        <strong>Phone:</strong> Samson iOS<br/>
        ]]>
      </description>
      <styleUrl>#pointStyle</styleUrl>
      <Point>
        <coordinates>121.519343,25.049162,0</coordinates>
      </Point>
      <TimeStamp>
        <when>2025-02-25T11:44:17Z</when>
      </TimeStamp>
    </Placemark>
    <Placemark>
      <name>g3mr-samson (Point 57)</name>
      <description>
        <![CDATA[
        <strong>Family:</strong> F1C96654979<br/>
        <strong>Device:</strong> g3mr-samson (80:6F:B0:7B:93:0E)<br/>
        <strong>Scanned At:</strong> 2025-02-25T11:54:33Z<br/>
        <strong>Longtitude:</strong> 121.520904<br/>
        <strong>Latitude:</strong> 25.055775<br/>
        <strong>GPS Accuracy:</strong> 0 meters<br/>
        <strong>Phone:</strong> Samson iOS<br/>
        ]]>
      </description>
      <styleUrl>#pointStyle</styleUrl>
      <Point>
        <coordinates>121.520904,25.055775,0</coordinates>
      </Point>
      <TimeStamp>
        <when>2025-02-25T11:54:33Z</when>
      </TimeStamp>
    </Placemark>
    <Placemark>
      <name>g3mr-samson (Point 58)</name>
      <description>
        <![CDATA[
        <strong>Family:</strong> F1C96654979<br/>
        <strong>Device:</strong> g3mr-samson (80:6F:B0:7B:93:0E)<br/>
        <strong>Scanned At:</strong> 2025-02-25T12:04:50Z<br/>
        <strong>Longtitude:</strong> 121.520558<br/>
        <strong>Latitude:</strong> 25.054811<br/>
        <strong>GPS Accuracy:</strong> 40 meters<br/>
        <strong>Phone:</strong> Samson iOS<br/>
        ]]>
      </description>
      <styleUrl>#pointStyle</styleUrl>
      <Point>
        <coordinates>121.520558,25.054811,0</coordinates>
      </Point>
      <TimeStamp>
        <when>2025-02-25T12:04:50Z</when>
      </TimeStamp>
    </Placemark>
    <Placemark>
      <name>g3mr-samson (Point 59)</name>
      <description>
        <![CDATA[
        <strong>Family:</strong> F1C96654979<br/>
        <strong>Device:</strong> g3mr-samson (80:6F:B0:7B:93:0E)<br/>
        <strong>Scanned At:</strong> 2025-02-25T12:14:58Z<br/>
        <strong>Longtitude:</strong> 121.520574<br/>
        <strong>Latitude:</strong> 25.052054<br/>
        <strong>GPS Accuracy:</strong> 0 meters<br/>
        <strong>Phone:</strong> Samson iOS<br/>
        ]]>
      </description>
      <styleUrl>#pointStyle</styleUrl>
      <Point>
        <coordinates>121.520574,25.052054,0</coordinates>
      </Point>
      <TimeStamp>
        <when>2025-02-25T12:14:58Z</when>
      </TimeStamp>
    </Placemark>
    <Placemark>
      <name>g3mr-samson (Point 60)</name>
      <description>
        <![CDATA[
        <strong>Family:</strong> F1C96654979<br/>
        <strong>Device:</strong> g3mr-samson (80:6F:B0:7B:93:0E)<br/>
        <strong>Scanned At:</strong> 2025-02-25T12:35:34Z<br/>
        <strong>Longtitude:</strong> 121.521470<br/>
        <strong>Latitude:</strong> 25.049925<br/>
        <strong>GPS Accuracy:</strong> 0 meters<br/>
        <strong>Phone:</strong> Samson iOS<br/>
        ]]>
      </description>
      <styleUrl>#pointStyle</styleUrl>
      <Point>
        <coordinates>121.521470,25.049925,0</coordinates>
      </Point>
      <TimeStamp>
        <when>2025-02-25T12:35:34Z</when>
      </TimeStamp>
    </Placemark>
    <Placemark>
      <name>g3mr-samson (Point 61)</name>
      <description>
        <![CDATA[
        <strong>Family:</strong> F1C96654979<br/>
        <strong>Device:</strong> g3mr-samson (80:6F:B0:7B:93:0E)<br/>
        <strong>Scanned At:</strong> 2025-02-25T12:45:49Z<br/>
        <strong>Longtitude:</strong> 121.520767<br/>
        <strong>Latitude:</strong> 25.050078<br/>
        <strong>GPS Accuracy:</strong> 0 meters<br/>
        <strong>Phone:</strong> Samson iOS<br/>
        ]]>
      </description>
      <styleUrl>#pointStyle</styleUrl>
      <Point>
        <coordinates>121.520767,25.050078,0</coordinates>
      </Point>
      <TimeStamp>
        <when>2025-02-25T12:45:49Z</when>
      </TimeStamp>
    </Placemark>
    <Placemark>
      <name>g3mr-samson (Point 62)</name>
      <description>
        <![CDATA[
        <strong>Family:</strong> F1C96654979<br/>
        <strong>Device:</strong> g3mr-samson (80:6F:B0:7B:93:0E)<br/>
        <strong>Scanned At:</strong> 2025-02-25T12:55:57Z<br/>
        <strong>Longtitude:</strong> 121.520778<br/>
        <strong>Latitude:</strong> 25.050079<br/>
        <strong>GPS Accuracy:</strong> 0 meters<br/>
        <strong>Phone:</strong> Samson iOS<br/>
        ]]>
      </description>
      <styleUrl>#pointStyle</styleUrl>
      <Point>
        <coordinates>121.520778,25.050079,0</coordinates>
      </Point>
      <TimeStamp>
        <when>2025-02-25T12:55:57Z</when>
      </TimeStamp>
    </Placemark>
    <Placemark>
      <name>g3mr-samson (Point 63)</name>
      <description>
        <![CDATA[
        <strong>Family:</strong> F1C96654979<br/>
        <strong>Device:</strong> g3mr-samson (80:6F:B0:7B:93:0E)<br/>
        <strong>Scanned At:</strong> 2025-02-25T13:26:52Z<br/>
        <strong>Longtitude:</strong> 121.522010<br/>
        <strong>Latitude:</strong> 25.027478<br/>
        <strong>GPS Accuracy:</strong> 0 meters<br/>
        <strong>Phone:</strong> Samson iOS<br/>
        ]]>
      </description>
      <styleUrl>#pointStyle</styleUrl>
      <Point>
        <coordinates>121.522010,25.027478,0</coordinates>
      </Point>
      <TimeStamp>
        <when>2025-02-25T13:26:52Z</when>
      </TimeStamp>
    </Placemark>
    <Placemark>
      <name>g3mr-samson (Point 64)</name>
      <description>
        <![CDATA[
        <strong>Family:</strong> F1C96654979<br/>
        <strong>Device:</strong> g3mr-samson (80:6F:B0:7B:93:0E)<br/>
        <strong>Scanned At:</strong> 2025-02-25T13:37:00Z<br/>
        <strong>Longtitude:</strong> 121.522041<br/>
        <strong>Latitude:</strong> 25.027530<br/>
        <strong>GPS Accuracy:</strong> 0 meters<br/>
        <strong>Phone:</strong> Samson iOS<br/>
        ]]>
      </description>
      <styleUrl>#pointStyle</styleUrl>
      <Point>
        <coordinates>121.522041,25.027530,0</coordinates>
      </Point>
      <TimeStamp>
        <when>2025-02-25T13:37:00Z</when>
      </TimeStamp>
    </Placemark>
    <Placemark>
      <name>g3mr-samson (Point 65)</name>
      <description>
        <![CDATA[
        <strong>Family:</strong> F1C96654979<br/>
        <strong>Device:</strong> g3mr-samson (80:6F:B0:7B:93:0E)<br/>
        <strong>Scanned At:</strong> 2025-02-25T13:47:25Z<br/>
        <strong>Longtitude:</strong> 121.522049<br/>
        <strong>Latitude:</strong> 25.027400<br/>
        <strong>GPS Accuracy:</strong> 0 meters<br/>
        <strong>Phone:</strong> Samson iOS<br/>
        ]]>
      </description>
      <styleUrl>#pointStyle</styleUrl>
      <Point>
        <coordinates>121.522049,25.027400,0</coordinates>
      </Point>
      <TimeStamp>
        <when>2025-02-25T13:47:25Z</when>
      </TimeStamp>
    </Placemark>
    <Placemark>
      <name>g3mr-samson (Point 66)</name>
      <description>
        <![CDATA[
        <strong>Family:</strong> F1C96654979<br/>
        <strong>Device:</strong> g3mr-samson (80:6F:B0:7B:93:0E)<br/>
        <strong>Scanned At:</strong> 2025-02-25T13:57:49Z<br/>
        <strong>Longtitude:</strong> 121.521999<br/>
        <strong>Latitude:</strong> 25.027454<br/>
        <strong>GPS Accuracy:</strong> 0 meters<br/>
        <strong>Phone:</strong> Samson iOS<br/>
        ]]>
      </description>
      <styleUrl>#pointStyle</styleUrl>
      <Point>
        <coordinates>121.521999,25.027454,0</coordinates>
      </Point>
      <TimeStamp>
        <when>2025-02-25T13:57:49Z</when>
      </TimeStamp>
    </Placemark>
    <Placemark>
      <name>g3mr-samson (Point 67)</name>
      <description>
        <![CDATA[
        <strong>Family:</strong> F1C96654979<br/>
        <strong>Device:</strong> g3mr-samson (80:6F:B0:7B:93:0E)<br/>
        <strong>Scanned At:</strong> 2025-02-25T14:28:46Z<br/>
        <strong>Longtitude:</strong> 121.522033<br/>
        <strong>Latitude:</strong> 25.027484<br/>
        <strong>GPS Accuracy:</strong> 0 meters<br/>
        <strong>Phone:</strong> Samson iOS<br/>
        ]]>
      </description>
      <styleUrl>#pointStyle</styleUrl>
      <Point>
        <coordinates>121.522033,25.027484,0</coordinates>
      </Point>
      <TimeStamp>
        <when>2025-02-25T14:28:46Z</when>
      </TimeStamp>
    </Placemark>
    <Placemark>
      <name>g3mr-samson (Point 68)</name>
      <description>
        <![CDATA[
        <strong>Family:</strong> F1C96654979<br/>
        <strong>Device:</strong> g3mr-samson (80:6F:B0:7B:93:0E)<br/>
        <strong>Scanned At:</strong> 2025-02-25T14:49:07Z<br/>
        <strong>Longtitude:</strong> 121.517426<br/>
        <strong>Latitude:</strong> 25.046068<br/>
        <strong>GPS Accuracy:</strong> 0 meters<br/>
        <strong>Phone:</strong> Samson iOS<br/>
        ]]>
      </description>
      <styleUrl>#pointStyle</styleUrl>
      <Point>
        <coordinates>121.517426,25.046068,0</coordinates>
      </Point>
      <TimeStamp>
        <when>2025-02-25T14:49:07Z</when>
      </TimeStamp>
    </Placemark>
    <Placemark>
      <name>g3mr-samson (Point 69)</name>
      <description>
        <![CDATA[
        <strong>Family:</strong> F1C96654979<br/>
        <strong>Device:</strong> g3mr-samson (80:6F:B0:7B:93:0E)<br/>
        <strong>Scanned At:</strong> 2025-02-25T14:59:19Z<br/>
        <strong>Longtitude:</strong> 121.518001<br/>
        <strong>Latitude:</strong> 25.046012<br/>
        <strong>GPS Accuracy:</strong> 35 meters<br/>
        <strong>Phone:</strong> Samson iOS<br/>
        ]]>
      </description>
      <styleUrl>#pointStyle</styleUrl>
      <Point>
        <coordinates>121.518001,25.046012,0</coordinates>
      </Point>
      <TimeStamp>
        <when>2025-02-25T14:59:19Z</when>
      </TimeStamp>
    </Placemark>
    <Placemark>
      <name>g3mr-samson (Point 70)</name>
      <description>
        <![CDATA[
        <strong>Family:</strong> F1C96654979<br/>
        <strong>Device:</strong> g3mr-samson (80:6F:B0:7B:93:0E)<br/>
        <strong>Scanned At:</strong> 2025-02-25T15:09:35Z<br/>
        <strong>Longtitude:</strong> 121.523056<br/>
        <strong>Latitude:</strong> 25.050297<br/>
        <strong>GPS Accuracy:</strong> 0 meters<br/>
        <strong>Phone:</strong> Samson iOS<br/>
        ]]>
      </description>
      <styleUrl>#pointStyle</styleUrl>
      <Point>
        <coordinates>121.523056,25.050297,0</coordinates>
      </Point>
      <TimeStamp>
        <when>2025-02-25T15:09:35Z</when>
      </TimeStamp>
    </Placemark>
    <Placemark>
      <name>g3mr-samson (Point 71)</name>
      <description>
        <![CDATA[
        <strong>Family:</strong> F1C96654979<br/>
        <strong>Device:</strong> g3mr-samson (80:6F:B0:7B:93:0E)<br/>
        <strong>Scanned At:</strong> 2025-02-25T15:19:50Z<br/>
        <strong>Longtitude:</strong> 121.525481<br/>
        <strong>Latitude:</strong> 25.051099<br/>
        <strong>GPS Accuracy:</strong> 0 meters<br/>
        <strong>Phone:</strong> Samson iOS<br/>
        ]]>
      </description>
      <styleUrl>#pointStyle</styleUrl>
      <Point>
        <coordinates>121.525481,25.051099,0</coordinates>
      </Point>
      <TimeStamp>
        <when>2025-02-25T15:19:50Z</when>
      </TimeStamp>
    </Placemark>
    <Placemark>
      <name>g3mr-samson (Point 72)</name>
      <description>
        <![CDATA[
        <strong>Family:</strong> F1C96654979<br/>
        <strong>Device:</strong> g3mr-samson (80:6F:B0:7B:93:0E)<br/>
        <strong>Scanned At:</strong> 2025-02-25T16:11:15Z<br/>
        <strong>Longtitude:</strong> 121.525492<br/>
        <strong>Latitude:</strong> 25.051090<br/>
        <strong>GPS Accuracy:</strong> 0 meters<br/>
        <strong>Phone:</strong> Samson iOS<br/>
        ]]>
      </description>
      <styleUrl>#pointStyle</styleUrl>
      <Point>
        <coordinates>121.525492,25.051090,0</coordinates>
      </Point>
      <TimeStamp>
        <when>2025-02-25T16:11:15Z</when>
      </TimeStamp>
    </Placemark>
    <Placemark>
      <name>g3mr-samson (Point 73)</name>
      <description>
        <![CDATA[
        <strong>Family:</strong> F1C96654979<br/>
        <strong>Device:</strong> g3mr-samson (80:6F:B0:7B:93:0E)<br/>
        <strong>Scanned At:</strong> 2025-02-25T16:21:27Z<br/>
        <strong>Longtitude:</strong> 121.525512<br/>
        <strong>Latitude:</strong> 25.051091<br/>
        <strong>GPS Accuracy:</strong> 0 meters<br/>
        <strong>Phone:</strong> Samson iOS<br/>
        ]]>
      </description>
      <styleUrl>#pointStyle</styleUrl>
      <Point>
        <coordinates>121.525512,25.051091,0</coordinates>
      </Point>
      <TimeStamp>
        <when>2025-02-25T16:21:27Z</when>
      </TimeStamp>
    </Placemark>
    <Placemark>
      <name>g3mr-samson (Point 74)</name>
      <description>
        <![CDATA[
        <strong>Family:</strong> F1C96654979<br/>
        <strong>Device:</strong> g3mr-samson (80:6F:B0:7B:93:0E)<br/>
        <strong>Scanned At:</strong> 2025-02-25T16:31:44Z<br/>
        <strong>Longtitude:</strong> 121.525518<br/>
        <strong>Latitude:</strong> 25.051119<br/>
        <strong>GPS Accuracy:</strong> 0 meters<br/>
        <strong>Phone:</strong> Samson iOS<br/>
        ]]>
      </description>
      <styleUrl>#pointStyle</styleUrl>
      <Point>
        <coordinates>121.525518,25.051119,0</coordinates>
      </Point>
      <TimeStamp>
        <when>2025-02-25T16:31:44Z</when>
      </TimeStamp>
    </Placemark>
    <Placemark>
      <name>g3mr-samson (Point 75)</name>
      <description>
        <![CDATA[
        <strong>Family:</strong> F1C96654979<br/>
        <strong>Device:</strong> g3mr-samson (80:6F:B0:7B:93:0E)<br/>
        <strong>Scanned At:</strong> 2025-02-25T16:42:01Z<br/>
        <strong>Longtitude:</strong> 121.525493<br/>
        <strong>Latitude:</strong> 25.051106<br/>
        <strong>GPS Accuracy:</strong> 0 meters<br/>
        <strong>Phone:</strong> Samson iOS<br/>
        ]]>
      </description>
      <styleUrl>#pointStyle</styleUrl>
      <Point>
        <coordinates>121.525493,25.051106,0</coordinates>
      </Point>
      <TimeStamp>
        <when>2025-02-25T16:42:01Z</when>
      </TimeStamp>
    </Placemark>
    <Placemark>
      <name>g3mr-samson (Point 76)</name>
      <description>
        <![CDATA[
        <strong>Family:</strong> F1C96654979<br/>
        <strong>Device:</strong> g3mr-samson (80:6F:B0:7B:93:0E)<br/>
        <strong>Scanned At:</strong> 2025-02-25T16:52:17Z<br/>
        <strong>Longtitude:</strong> 121.525490<br/>
        <strong>Latitude:</strong> 25.051104<br/>
        <strong>GPS Accuracy:</strong> 0 meters<br/>
        <strong>Phone:</strong> Samson iOS<br/>
        ]]>
      </description>
      <styleUrl>#pointStyle</styleUrl>
      <Point>
        <coordinates>121.525490,25.051104,0</coordinates>
      </Point>
      <TimeStamp>
        <when>2025-02-25T16:52:17Z</when>
      </TimeStamp>
    </Placemark>
    <Placemark>
      <name>g3mr-samson (Point 77)</name>
      <description>
        <![CDATA[
        <strong>Family:</strong> F1C96654979<br/>
        <strong>Device:</strong> g3mr-samson (80:6F:B0:7B:93:0E)<br/>
        <strong>Scanned At:</strong> 2025-02-25T17:02:31Z<br/>
        <strong>Longtitude:</strong> 121.525493<br/>
        <strong>Latitude:</strong> 25.051104<br/>
        <strong>GPS Accuracy:</strong> 0 meters<br/>
        <strong>Phone:</strong> Samson iOS<br/>
        ]]>
      </description>
      <styleUrl>#pointStyle</styleUrl>
      <Point>
        <coordinates>121.525493,25.051104,0</coordinates>
      </Point>
      <TimeStamp>
        <when>2025-02-25T17:02:31Z</when>
      </TimeStamp>
    </Placemark>
    <Placemark>
      <name>g3mr-samson (Point 78)</name>
      <description>
        <![CDATA[
        <strong>Family:</strong> F1C96654979<br/>
        <strong>Device:</strong> g3mr-samson (80:6F:B0:7B:93:0E)<br/>
        <strong>Scanned At:</strong> 2025-02-25T17:12:59Z<br/>
        <strong>Longtitude:</strong> 121.525490<br/>
        <strong>Latitude:</strong> 25.051107<br/>
        <strong>GPS Accuracy:</strong> 0 meters<br/>
        <strong>Phone:</strong> Samson iOS<br/>
        ]]>
      </description>
      <styleUrl>#pointStyle</styleUrl>
      <Point>
        <coordinates>121.525490,25.051107,0</coordinates>
      </Point>
      <TimeStamp>
        <when>2025-02-25T17:12:59Z</when>
      </TimeStamp>
    </Placemark>
    <Placemark>
      <name>g3mr-samson (Point 79)</name>
      <description>
        <![CDATA[
        <strong>Family:</strong> F1C96654979<br/>
        <strong>Device:</strong> g3mr-samson (80:6F:B0:7B:93:0E)<br/>
        <strong>Scanned At:</strong> 2025-02-25T17:23:21Z<br/>
        <strong>Longtitude:</strong> 121.525502<br/>
        <strong>Latitude:</strong> 25.051098<br/>
        <strong>GPS Accuracy:</strong> 0 meters<br/>
        <strong>Phone:</strong> Samson iOS<br/>
        ]]>
      </description>
      <styleUrl>#pointStyle</styleUrl>
      <Point>
        <coordinates>121.525502,25.051098,0</coordinates>
      </Point>
      <TimeStamp>
        <when>2025-02-25T17:23:21Z</when>
      </TimeStamp>
    </Placemark>
    <Placemark>
      <name>g3mr-samson (Point 80)</name>
      <description>
        <![CDATA[
        <strong>Family:</strong> F1C96654979<br/>
        <strong>Device:</strong> g3mr-samson (80:6F:B0:7B:93:0E)<br/>
        <strong>Scanned At:</strong> 2025-02-25T17:33:41Z<br/>
        <strong>Longtitude:</strong> 121.525503<br/>
        <strong>Latitude:</strong> 25.051097<br/>
        <strong>GPS Accuracy:</strong> 0 meters<br/>
        <strong>Phone:</strong> Samson iOS<br/>
        ]]>
      </description>
      <styleUrl>#pointStyle</styleUrl>
      <Point>
        <coordinates>121.525503,25.051097,0</coordinates>
      </Point>
      <TimeStamp>
        <when>2025-02-25T17:33:41Z</when>
      </TimeStamp>
    </Placemark>
    <Placemark>
      <name>g3mr-samson (Point 81)</name>
      <description>
        <![CDATA[
        <strong>Family:</strong> F1C96654979<br/>
        <strong>Device:</strong> g3mr-samson (80:6F:B0:7B:93:0E)<br/>
        <strong>Scanned At:</strong> 2025-02-25T17:43:48Z<br/>
        <strong>Longtitude:</strong> 121.525513<br/>
        <strong>Latitude:</strong> 25.051080<br/>
        <strong>GPS Accuracy:</strong> 0 meters<br/>
        <strong>Phone:</strong> Samson iOS<br/>
        ]]>
      </description>
      <styleUrl>#pointStyle</styleUrl>
      <Point>
        <coordinates>121.525513,25.051080,0</coordinates>
      </Point>
      <TimeStamp>
        <when>2025-02-25T17:43:48Z</when>
      </TimeStamp>
    </Placemark>
    <Placemark>
      <name>g3mr-samson (Point 82)</name>
      <description>
        <![CDATA[
        <strong>Family:</strong> F1C96654979<br/>
        <strong>Device:</strong> g3mr-samson (80:6F:B0:7B:93:0E)<br/>
        <strong>Scanned At:</strong> 2025-02-25T17:54:06Z<br/>
        <strong>Longtitude:</strong> 121.525521<br/>
        <strong>Latitude:</strong> 25.051067<br/>
        <strong>GPS Accuracy:</strong> 0 meters<br/>
        <strong>Phone:</strong> Samson iOS<br/>
        ]]>
      </description>
      <styleUrl>#pointStyle</styleUrl>
      <Point>
        <coordinates>121.525521,25.051067,0</coordinates>
      </Point>
      <TimeStamp>
        <when>2025-02-25T17:54:06Z</when>
      </TimeStamp>
    </Placemark>
    <Placemark>
      <name>g3mr-samson (Point 83)</name>
      <description>
        <![CDATA[
        <strong>Family:</strong> F1C96654979<br/>
        <strong>Device:</strong> g3mr-samson (80:6F:B0:7B:93:0E)<br/>
        <strong>Scanned At:</strong> 2025-02-25T18:04:21Z<br/>
        <strong>Longtitude:</strong> 121.525517<br/>
        <strong>Latitude:</strong> 25.051067<br/>
        <strong>GPS Accuracy:</strong> 0 meters<br/>
        <strong>Phone:</strong> Samson iOS<br/>
        ]]>
      </description>
      <styleUrl>#pointStyle</styleUrl>
      <Point>
        <coordinates>121.525517,25.051067,0</coordinates>
      </Point>
      <TimeStamp>
        <when>2025-02-25T18:04:21Z</when>
      </TimeStamp>
    </Placemark>
    <Placemark>
      <name>g3mr-samson (Point 84)</name>
      <description>
        <![CDATA[
        <strong>Family:</strong> F1C96654979<br/>
        <strong>Device:</strong> g3mr-samson (80:6F:B0:7B:93:0E)<br/>
        <strong>Scanned At:</strong> 2025-02-25T18:14:36Z<br/>
        <strong>Longtitude:</strong> 121.525509<br/>
        <strong>Latitude:</strong> 25.051074<br/>
        <strong>GPS Accuracy:</strong> 0 meters<br/>
        <strong>Phone:</strong> Samson iOS<br/>
        ]]>
      </description>
      <styleUrl>#pointStyle</styleUrl>
      <Point>
        <coordinates>121.525509,25.051074,0</coordinates>
      </Point>
      <TimeStamp>
        <when>2025-02-25T18:14:36Z</when>
      </TimeStamp>
    </Placemark>
    <Placemark>
      <name>g3mr-samson (Point 85)</name>
      <description>
        <![CDATA[
        <strong>Family:</strong> F1C96654979<br/>
        <strong>Device:</strong> g3mr-samson (80:6F:B0:7B:93:0E)<br/>
        <strong>Scanned At:</strong> 2025-02-25T18:24:54Z<br/>
        <strong>Longtitude:</strong> 121.525499<br/>
        <strong>Latitude:</strong> 25.051084<br/>
        <strong>GPS Accuracy:</strong> 0 meters<br/>
        <strong>Phone:</strong> Samson iOS<br/>
        ]]>
      </description>
      <styleUrl>#pointStyle</styleUrl>
      <Point>
        <coordinates>121.525499,25.051084,0</coordinates>
      </Point>
      <TimeStamp>
        <when>2025-02-25T18:24:54Z</when>
      </TimeStamp>
    </Placemark>
    <Placemark>
      <name>g3mr-samson (Point 86)</name>
      <description>
        <![CDATA[
        <strong>Family:</strong> F1C96654979<br/>
        <strong>Device:</strong> g3mr-samson (80:6F:B0:7B:93:0E)<br/>
        <strong>Scanned At:</strong> 2025-02-25T18:35:08Z<br/>
        <strong>Longtitude:</strong> 121.525500<br/>
        <strong>Latitude:</strong> 25.051083<br/>
        <strong>GPS Accuracy:</strong> 0 meters<br/>
        <strong>Phone:</strong> Samson iOS<br/>
        ]]>
      </description>
      <styleUrl>#pointStyle</styleUrl>
      <Point>
        <coordinates>121.525500,25.051083,0</coordinates>
      </Point>
      <TimeStamp>
        <when>2025-02-25T18:35:08Z</when>
      </TimeStamp>
    </Placemark>
    <Placemark>
      <name>g3mr-samson (Point 87)</name>
      <description>
        <![CDATA[
        <strong>Family:</strong> F1C96654979<br/>
        <strong>Device:</strong> g3mr-samson (80:6F:B0:7B:93:0E)<br/>
        <strong>Scanned At:</strong> 2025-02-25T18:45:27Z<br/>
        <strong>Longtitude:</strong> 121.525502<br/>
        <strong>Latitude:</strong> 25.051085<br/>
        <strong>GPS Accuracy:</strong> 0 meters<br/>
        <strong>Phone:</strong> Samson iOS<br/>
        ]]>
      </description>
      <styleUrl>#pointStyle</styleUrl>
      <Point>
        <coordinates>121.525502,25.051085,0</coordinates>
      </Point>
      <TimeStamp>
        <when>2025-02-25T18:45:27Z</when>
      </TimeStamp>
    </Placemark>
    <Placemark>
      <name>g3mr-samson (Point 88)</name>
      <description>
        <![CDATA[
        <strong>Family:</strong> F1C96654979<br/>
        <strong>Device:</strong> g3mr-samson (80:6F:B0:7B:93:0E)<br/>
        <strong>Scanned At:</strong> 2025-02-25T18:55:42Z<br/>
        <strong>Longtitude:</strong> 121.525502<br/>
        <strong>Latitude:</strong> 25.051088<br/>
        <strong>GPS Accuracy:</strong> 0 meters<br/>
        <strong>Phone:</strong> Samson iOS<br/>
        ]]>
      </description>
      <styleUrl>#pointStyle</styleUrl>
      <Point>
        <coordinates>121.525502,25.051088,0</coordinates>
      </Point>
      <TimeStamp>
        <when>2025-02-25T18:55:42Z</when>
      </TimeStamp>
    </Placemark>
    <Placemark>
      <name>g3mr-samson (Point 89)</name>
      <description>
        <![CDATA[
        <strong>Family:</strong> F1C96654979<br/>
        <strong>Device:</strong> g3mr-samson (80:6F:B0:7B:93:0E)<br/>
        <strong>Scanned At:</strong> 2025-02-25T19:06:03Z<br/>
        <strong>Longtitude:</strong> 121.525507<br/>
        <strong>Latitude:</strong> 25.051085<br/>
        <strong>GPS Accuracy:</strong> 0 meters<br/>
        <strong>Phone:</strong> Samson iOS<br/>
        ]]>
      </description>
      <styleUrl>#pointStyle</styleUrl>
      <Point>
        <coordinates>121.525507,25.051085,0</coordinates>
      </Point>
      <TimeStamp>
        <when>2025-02-25T19:06:03Z</when>
      </TimeStamp>
    </Placemark>
    <Placemark>
      <name>g3mr-samson (Point 90)</name>
      <description>
        <![CDATA[
        <strong>Family:</strong> F1C96654979<br/>
        <strong>Device:</strong> g3mr-samson (80:6F:B0:7B:93:0E)<br/>
        <strong>Scanned At:</strong> 2025-02-25T19:16:13Z<br/>
        <strong>Longtitude:</strong> 121.525516<br/>
        <strong>Latitude:</strong> 25.051079<br/>
        <strong>GPS Accuracy:</strong> 0 meters<br/>
        <strong>Phone:</strong> Samson iOS<br/>
        ]]>
      </description>
      <styleUrl>#pointStyle</styleUrl>
      <Point>
        <coordinates>121.525516,25.051079,0</coordinates>
      </Point>
      <TimeStamp>
        <when>2025-02-25T19:16:13Z</when>
      </TimeStamp>
    </Placemark>
    <Placemark>
      <name>g3mr-samson (Point 91)</name>
      <description>
        <![CDATA[
        <strong>Family:</strong> F1C96654979<br/>
        <strong>Device:</strong> g3mr-samson (80:6F:B0:7B:93:0E)<br/>
        <strong>Scanned At:</strong> 2025-02-25T19:26:32Z<br/>
        <strong>Longtitude:</strong> 121.525502<br/>
        <strong>Latitude:</strong> 25.051098<br/>
        <strong>GPS Accuracy:</strong> 0 meters<br/>
        <strong>Phone:</strong> Samson iOS<br/>
        ]]>
      </description>
      <styleUrl>#pointStyle</styleUrl>
      <Point>
        <coordinates>121.525502,25.051098,0</coordinates>
      </Point>
      <TimeStamp>
        <when>2025-02-25T19:26:32Z</when>
      </TimeStamp>
    </Placemark>
    <Placemark>
      <name>g3mr-samson (Point 92)</name>
      <description>
        <![CDATA[
        <strong>Family:</strong> F1C96654979<br/>
        <strong>Device:</strong> g3mr-samson (80:6F:B0:7B:93:0E)<br/>
        <strong>Scanned At:</strong> 2025-02-25T19:36:55Z<br/>
        <strong>Longtitude:</strong> 121.525501<br/>
        <strong>Latitude:</strong> 25.051098<br/>
        <strong>GPS Accuracy:</strong> 0 meters<br/>
        <strong>Phone:</strong> Samson iOS<br/>
        ]]>
      </description>
      <styleUrl>#pointStyle</styleUrl>
      <Point>
        <coordinates>121.525501,25.051098,0</coordinates>
      </Point>
      <TimeStamp>
        <when>2025-02-25T19:36:55Z</when>
      </TimeStamp>
    </Placemark>
    <Placemark>
      <name>g3mr-samson (Point 93)</name>
      <description>
        <![CDATA[
        <strong>Family:</strong> F1C96654979<br/>
        <strong>Device:</strong> g3mr-samson (80:6F:B0:7B:93:0E)<br/>
        <strong>Scanned At:</strong> 2025-02-25T19:47:01Z<br/>
        <strong>Longtitude:</strong> 121.525507<br/>
        <strong>Latitude:</strong> 25.051093<br/>
        <strong>GPS Accuracy:</strong> 0 meters<br/>
        <strong>Phone:</strong> Samson iOS<br/>
        ]]>
      </description>
      <styleUrl>#pointStyle</styleUrl>
      <Point>
        <coordinates>121.525507,25.051093,0</coordinates>
      </Point>
      <TimeStamp>
        <when>2025-02-25T19:47:01Z</when>
      </TimeStamp>
    </Placemark>
    <Placemark>
      <name>g3mr-samson (Point 94)</name>
      <description>
        <![CDATA[
        <strong>Family:</strong> F1C96654979<br/>
        <strong>Device:</strong> g3mr-samson (80:6F:B0:7B:93:0E)<br/>
        <strong>Scanned At:</strong> 2025-02-25T19:57:21Z<br/>
        <strong>Longtitude:</strong> 121.525509<br/>
        <strong>Latitude:</strong> 25.051091<br/>
        <strong>GPS Accuracy:</strong> 0 meters<br/>
        <strong>Phone:</strong> Samson iOS<br/>
        ]]>
      </description>
      <styleUrl>#pointStyle</styleUrl>
      <Point>
        <coordinates>121.525509,25.051091,0</coordinates>
      </Point>
      <TimeStamp>
        <when>2025-02-25T19:57:21Z</when>
      </TimeStamp>
    </Placemark>
    <Placemark>
      <name>g3mr-samson (Point 95)</name>
      <description>
        <![CDATA[
        <strong>Family:</strong> F1C96654979<br/>
        <strong>Device:</strong> g3mr-samson (80:6F:B0:7B:93:0E)<br/>
        <strong>Scanned At:</strong> 2025-02-25T20:07:35Z<br/>
        <strong>Longtitude:</strong> 121.525509<br/>
        <strong>Latitude:</strong> 25.051088<br/>
        <strong>GPS Accuracy:</strong> 0 meters<br/>
        <strong>Phone:</strong> Samson iOS<br/>
        ]]>
      </description>
      <styleUrl>#pointStyle</styleUrl>
      <Point>
        <coordinates>121.525509,25.051088,0</coordinates>
      </Point>
      <TimeStamp>
        <when>2025-02-25T20:07:35Z</when>
      </TimeStamp>
    </Placemark>
    <Placemark>
      <name>g3mr-samson (Point 96)</name>
      <description>
        <![CDATA[
        <strong>Family:</strong> F1C96654979<br/>
        <strong>Device:</strong> g3mr-samson (80:6F:B0:7B:93:0E)<br/>
        <strong>Scanned At:</strong> 2025-02-25T20:17:51Z<br/>
        <strong>Longtitude:</strong> 121.525515<br/>
        <strong>Latitude:</strong> 25.051079<br/>
        <strong>GPS Accuracy:</strong> 0 meters<br/>
        <strong>Phone:</strong> Samson iOS<br/>
        ]]>
      </description>
      <styleUrl>#pointStyle</styleUrl>
      <Point>
        <coordinates>121.525515,25.051079,0</coordinates>
      </Point>
      <TimeStamp>
        <when>2025-02-25T20:17:51Z</when>
      </TimeStamp>
    </Placemark>
    <Placemark>
      <name>g3mr-samson (Point 97)</name>
      <description>
        <![CDATA[
        <strong>Family:</strong> F1C96654979<br/>
        <strong>Device:</strong> g3mr-samson (80:6F:B0:7B:93:0E)<br/>
        <strong>Scanned At:</strong> 2025-02-25T20:28:19Z<br/>
        <strong>Longtitude:</strong> 121.525498<br/>
        <strong>Latitude:</strong> 25.051089<br/>
        <strong>GPS Accuracy:</strong> 0 meters<br/>
        <strong>Phone:</strong> Samson iOS<br/>
        ]]>
      </description>
      <styleUrl>#pointStyle</styleUrl>
      <Point>
        <coordinates>121.525498,25.051089,0</coordinates>
      </Point>
      <TimeStamp>
        <when>2025-02-25T20:28:19Z</when>
      </TimeStamp>
    </Placemark>
    <Placemark>
      <name>g3mr-samson (Point 98)</name>
      <description>
        <![CDATA[
        <strong>Family:</strong> F1C96654979<br/>
        <strong>Device:</strong> g3mr-samson (80:6F:B0:7B:93:0E)<br/>
        <strong>Scanned At:</strong> 2025-02-25T20:38:34Z<br/>
        <strong>Longtitude:</strong> 121.525497<br/>
        <strong>Latitude:</strong> 25.051089<br/>
        <strong>GPS Accuracy:</strong> 0 meters<br/>
        <strong>Phone:</strong> Samson iOS<br/>
        ]]>
      </description>
      <styleUrl>#pointStyle</styleUrl>
      <Point>
        <coordinates>121.525497,25.051089,0</coordinates>
      </Point>
      <TimeStamp>
        <when>2025-02-25T20:38:34Z</when>
      </TimeStamp>
    </Placemark>
    <Placemark>
      <name>g3mr-samson (Point 99)</name>
      <description>
        <![CDATA[
        <strong>Family:</strong> F1C96654979<br/>
        <strong>Device:</strong> g3mr-samson (80:6F:B0:7B:93:0E)<br/>
        <strong>Scanned At:</strong> 2025-02-25T20:48:55Z<br/>
        <strong>Longtitude:</strong> 121.525504<br/>
        <strong>Latitude:</strong> 25.051083<br/>
        <strong>GPS Accuracy:</strong> 0 meters<br/>
        <strong>Phone:</strong> Samson iOS<br/>
        ]]>
      </description>
      <styleUrl>#pointStyle</styleUrl>
      <Point>
        <coordinates>121.525504,25.051083,0</coordinates>
      </Point>
      <TimeStamp>
        <when>2025-02-25T20:48:55Z</when>
      </TimeStamp>
    </Placemark>
    <Placemark>
      <name>g3mr-samson (Point 100)</name>
      <description>
        <![CDATA[
        <strong>Family:</strong> F1C96654979<br/>
        <strong>Device:</strong> g3mr-samson (80:6F:B0:7B:93:0E)<br/>
        <strong>Scanned At:</strong> 2025-02-25T20:59:11Z<br/>
        <strong>Longtitude:</strong> 121.525508<br/>
        <strong>Latitude:</strong> 25.051081<br/>
        <strong>GPS Accuracy:</strong> 0 meters<br/>
        <strong>Phone:</strong> Samson iOS<br/>
        ]]>
      </description>
      <styleUrl>#pointStyle</styleUrl>
      <Point>
        <coordinates>121.525508,25.051081,0</coordinates>
      </Point>
      <TimeStamp>
        <when>2025-02-25T20:59:11Z</when>
      </TimeStamp>
    </Placemark>
    <Placemark>
      <name>g3mr-samson (Point 101)</name>
      <description>
        <![CDATA[
        <strong>Family:</strong> F1C96654979<br/>
        <strong>Device:</strong> g3mr-samson (80:6F:B0:7B:93:0E)<br/>
        <strong>Scanned At:</strong> 2025-02-25T21:09:23Z<br/>
        <strong>Longtitude:</strong> 121.525508<br/>
        <strong>Latitude:</strong> 25.051082<br/>
        <strong>GPS Accuracy:</strong> 0 meters<br/>
        <strong>Phone:</strong> Samson iOS<br/>
        ]]>
      </description>
      <styleUrl>#pointStyle</styleUrl>
      <Point>
        <coordinates>121.525508,25.051082,0</coordinates>
      </Point>
      <TimeStamp>
        <when>2025-02-25T21:09:23Z</when>
      </TimeStamp>
    </Placemark>
    <Placemark>
      <name>g3mr-samson (Point 102)</name>
      <description>
        <![CDATA[
        <strong>Family:</strong> F1C96654979<br/>
        <strong>Device:</strong> g3mr-samson (80:6F:B0:7B:93:0E)<br/>
        <strong>Scanned At:</strong> 2025-02-25T21:19:38Z<br/>
        <strong>Longtitude:</strong> 121.525511<br/>
        <strong>Latitude:</strong> 25.051082<br/>
        <strong>GPS Accuracy:</strong> 0 meters<br/>
        <strong>Phone:</strong> Samson iOS<br/>
        ]]>
      </description>
      <styleUrl>#pointStyle</styleUrl>
      <Point>
        <coordinates>121.525511,25.051082,0</coordinates>
      </Point>
      <TimeStamp>
        <when>2025-02-25T21:19:38Z</when>
      </TimeStamp>
    </Placemark>
    <Placemark>
      <name>g3mr-samson (Point 103)</name>
      <description>
        <![CDATA[
        <strong>Family:</strong> F1C96654979<br/>
        <strong>Device:</strong> g3mr-samson (80:6F:B0:7B:93:0E)<br/>
        <strong>Scanned At:</strong> 2025-02-25T21:30:01Z<br/>
        <strong>Longtitude:</strong> 121.525515<br/>
        <strong>Latitude:</strong> 25.051075<br/>
        <strong>GPS Accuracy:</strong> 0 meters<br/>
        <strong>Phone:</strong> Samson iOS<br/>
        ]]>
      </description>
      <styleUrl>#pointStyle</styleUrl>
      <Point>
        <coordinates>121.525515,25.051075,0</coordinates>
      </Point>
      <TimeStamp>
        <when>2025-02-25T21:30:01Z</when>
      </TimeStamp>
    </Placemark>
    <Placemark>
      <name>g3mr-samson (Point 104)</name>
      <description>
        <![CDATA[
        <strong>Family:</strong> F1C96654979<br/>
        <strong>Device:</strong> g3mr-samson (80:6F:B0:7B:93:0E)<br/>
        <strong>Scanned At:</strong> 2025-02-25T21:40:12Z<br/>
        <strong>Longtitude:</strong> 121.525515<br/>
        <strong>Latitude:</strong> 25.051076<br/>
        <strong>GPS Accuracy:</strong> 0 meters<br/>
        <strong>Phone:</strong> Samson iOS<br/>
        ]]>
      </description>
      <styleUrl>#pointStyle</styleUrl>
      <Point>
        <coordinates>121.525515,25.051076,0</coordinates>
      </Point>
      <TimeStamp>
        <when>2025-02-25T21:40:12Z</when>
      </TimeStamp>
    </Placemark>
    <Placemark>
      <name>g3mr-samson (Point 105)</name>
      <description>
        <![CDATA[
        <strong>Family:</strong> F1C96654979<br/>
        <strong>Device:</strong> g3mr-samson (80:6F:B0:7B:93:0E)<br/>
        <strong>Scanned At:</strong> 2025-02-25T21:50:27Z<br/>
        <strong>Longtitude:</strong> 121.525516<br/>
        <strong>Latitude:</strong> 25.051075<br/>
        <strong>GPS Accuracy:</strong> 0 meters<br/>
        <strong>Phone:</strong> Samson iOS<br/>
        ]]>
      </description>
      <styleUrl>#pointStyle</styleUrl>
      <Point>
        <coordinates>121.525516,25.051075,0</coordinates>
      </Point>
      <TimeStamp>
        <when>2025-02-25T21:50:27Z</when>
      </TimeStamp>
    </Placemark>
    <Placemark>
      <name>g3mr-samson (Point 106)</name>
      <description>
        <![CDATA[
        <strong>Family:</strong> F1C96654979<br/>
        <strong>Device:</strong> g3mr-samson (80:6F:B0:7B:93:0E)<br/>
        <strong>Scanned At:</strong> 2025-02-25T22:00:43Z<br/>
        <strong>Longtitude:</strong> 121.525521<br/>
        <strong>Latitude:</strong> 25.051071<br/>
        <strong>GPS Accuracy:</strong> 0 meters<br/>
        <strong>Phone:</strong> Samson iOS<br/>
        ]]>
      </description>
      <styleUrl>#pointStyle</styleUrl>
      <Point>
        <coordinates>121.525521,25.051071,0</coordinates>
      </Point>
      <TimeStamp>
        <when>2025-02-25T22:00:43Z</when>
      </TimeStamp>
    </Placemark>
    <Placemark>
      <name>g3mr-samson (Point 107)</name>
      <description>
        <![CDATA[
        <strong>Family:</strong> F1C96654979<br/>
        <strong>Device:</strong> g3mr-samson (80:6F:B0:7B:93:0E)<br/>
        <strong>Scanned At:</strong> 2025-02-25T22:11:00Z<br/>
        <strong>Longtitude:</strong> 121.525521<br/>
        <strong>Latitude:</strong> 25.051071<br/>
        <strong>GPS Accuracy:</strong> 0 meters<br/>
        <strong>Phone:</strong> Samson iOS<br/>
        ]]>
      </description>
      <styleUrl>#pointStyle</styleUrl>
      <Point>
        <coordinates>121.525521,25.051071,0</coordinates>
      </Point>
      <TimeStamp>
        <when>2025-02-25T22:11:00Z</when>
      </TimeStamp>
    </Placemark>
    <Placemark>
      <name>g3mr-samson (Point 108)</name>
      <description>
        <![CDATA[
        <strong>Family:</strong> F1C96654979<br/>
        <strong>Device:</strong> g3mr-samson (80:6F:B0:7B:93:0E)<br/>
        <strong>Scanned At:</strong> 2025-02-25T22:21:16Z<br/>
        <strong>Longtitude:</strong> 121.525526<br/>
        <strong>Latitude:</strong> 25.051069<br/>
        <strong>GPS Accuracy:</strong> 0 meters<br/>
        <strong>Phone:</strong> Samson iOS<br/>
        ]]>
      </description>
      <styleUrl>#pointStyle</styleUrl>
      <Point>
        <coordinates>121.525526,25.051069,0</coordinates>
      </Point>
      <TimeStamp>
        <when>2025-02-25T22:21:16Z</when>
      </TimeStamp>
    </Placemark>
    <Placemark>
      <name>g3mr-samson (Point 109)</name>
      <description>
        <![CDATA[
        <strong>Family:</strong> F1C96654979<br/>
        <strong>Device:</strong> g3mr-samson (80:6F:B0:7B:93:0E)<br/>
        <strong>Scanned At:</strong> 2025-02-25T22:31:36Z<br/>
        <strong>Longtitude:</strong> 121.525546<br/>
        <strong>Latitude:</strong> 25.051049<br/>
        <strong>GPS Accuracy:</strong> 0 meters<br/>
        <strong>Phone:</strong> Samson iOS<br/>
        ]]>
      </description>
      <styleUrl>#pointStyle</styleUrl>
      <Point>
        <coordinates>121.525546,25.051049,0</coordinates>
      </Point>
      <TimeStamp>
        <when>2025-02-25T22:31:36Z</when>
      </TimeStamp>
    </Placemark>
    <Placemark>
      <name>g3mr-samson (Point 110)</name>
      <description>
        <![CDATA[
        <strong>Family:</strong> F1C96654979<br/>
        <strong>Device:</strong> g3mr-samson (80:6F:B0:7B:93:0E)<br/>
        <strong>Scanned At:</strong> 2025-02-25T22:41:49Z<br/>
        <strong>Longtitude:</strong> 121.525545<br/>
        <strong>Latitude:</strong> 25.051050<br/>
        <strong>GPS Accuracy:</strong> 0 meters<br/>
        <strong>Phone:</strong> Samson iOS<br/>
        ]]>
      </description>
      <styleUrl>#pointStyle</styleUrl>
      <Point>
        <coordinates>121.525545,25.051050,0</coordinates>
      </Point>
      <TimeStamp>
        <when>2025-02-25T22:41:49Z</when>
      </TimeStamp>
    </Placemark>
    <Placemark>
      <name>g3mr-samson (Point 111)</name>
      <description>
        <![CDATA[
        <strong>Family:</strong> F1C96654979<br/>
        <strong>Device:</strong> g3mr-samson (80:6F:B0:7B:93:0E)<br/>
        <strong>Scanned At:</strong> 2025-02-25T22:52:04Z<br/>
        <strong>Longtitude:</strong> 121.525541<br/>
        <strong>Latitude:</strong> 25.051054<br/>
        <strong>GPS Accuracy:</strong> 0 meters<br/>
        <strong>Phone:</strong> Samson iOS<br/>
        ]]>
      </description>
      <styleUrl>#pointStyle</styleUrl>
      <Point>
        <coordinates>121.525541,25.051054,0</coordinates>
      </Point>
      <TimeStamp>
        <when>2025-02-25T22:52:04Z</when>
      </TimeStamp>
    </Placemark>
  </Document>
</kml>
